num_of_features,time
192,1598537681.504127744
156,1598537681.604629760
182,1598537681.705216768
178,1598537681.804939776
249,1598537681.904721408
172,1598537682.003880704
182,1598537682.103325952
179,1598537682.202600960
173,1598537682.301754880
104,1598537682.401594880
158,1598537682.501441280
200,1598537682.601820160
187,1598537682.702421504
170,1598537682.802942464
125,1598537682.903083008
126,1598537683.003108864
177,1598537683.103367680
136,1598537683.203568896
140,1598537683.303637760
200,1598537683.403665152
190,1598537683.504374784
149,1598537683.604352768
229,1598537683.704233216
147,1598537683.803530240
155,1598537683.902376448
125,1598537684.000984064
194,1598537684.100150016
98,1598537684.199559680
112,1598537684.299474944
85,1598537684.399599872
105,1598537684.500289792
78,1598537684.600199168
112,1598537684.701149952
110,1598537684.802343680
151,1598537684.903285248
117,1598537685.004786176
115,1598537685.105835776
137,1598537685.206731008
126,1598537685.306354176
167,1598537685.405848320
258,1598537685.505607168
174,1598537685.605288192
254,1598537685.704893696
218,1598537685.804591360
168,1598537685.904205056
230,1598537686.004122624
226,1598537686.103940864
159,1598537686.203778304
263,1598537686.303783680
253,1598537686.404072192
254,1598537686.504488960
191,1598537686.604657152
242,1598537686.704696576
231,1598537686.804313088
212,1598537686.904407552
143,1598537687.003885824
186,1598537687.103507712
159,1598537687.203836160
208,1598537687.303876096
124,1598537687.403861760
124,1598537687.504686080
222,1598537687.604842752
114,1598537687.705112576
134,1598537687.804960768
227,1598537687.904417024
211,1598537688.004270336
188,1598537688.103472384
164,1598537688.203236608
198,1598537688.303471872
268,1598537688.403352832
237,1598537688.503506944
158,1598537688.603903744
141,1598537688.704018432
163,1598537688.804470528
178,1598537688.904568320
134,1598537689.004402944
150,1598537689.104308736
137,1598537689.203980288
172,1598537689.303212032
182,1598537689.403101696
232,1598537689.503064320
171,1598537689.602999808
191,1598537689.703315200
167,1598537689.803521280
191,1598537689.904045312
178,1598537690.003894272
184,1598537690.104278272
208,1598537690.204011264
187,1598537690.303720448
138,1598537690.403648512
160,1598537690.503217664
173,1598537690.603367936
133,1598537690.703396608
203,1598537690.803601664
190,1598537690.903623424
94,1598537691.004074496
155,1598537691.104701184
160,1598537691.205323008
139,1598537691.305287168
145,1598537691.404729856
140,1598537691.503613952
151,1598537691.603115008
134,1598537691.703096832
133,1598537691.802357504
149,1598537691.902546944
146,1598537692.002491392
167,1598537692.103115520
171,1598537692.203620864
162,1598537692.303584512
152,1598537692.403758592
181,1598537692.503445760
155,1598537692.602852608
181,1598537692.702665472
212,1598537692.802945280
264,1598537692.902639872
188,1598537693.002817536
179,1598537693.102540288
144,1598537693.203336704
121,1598537693.303886592
180,1598537693.404139776
219,1598537693.504451584
143,1598537693.604558592
119,1598537693.704345088
130,1598537693.804050176
151,1598537693.903646976
177,1598537694.003376640
137,1598537694.103339520
179,1598537694.203521792
159,1598537694.303508480
132,1598537694.403532544
221,1598537694.503343360
179,1598537694.603265792
153,1598537694.703204608
182,1598537694.802643456
153,1598537694.902685184
128,1598537695.002489344
153,1598537695.102608896
186,1598537695.202398720
167,1598537695.302222336
157,1598537695.402703616
133,1598537695.503401472
103,1598537695.604009984
191,1598537695.704362240
179,1598537695.804226048
184,1598537695.904278784
186,1598537696.004132608
147,1598537696.103810304
199,1598537696.203000320
165,1598537696.303184128
133,1598537696.402724096
203,1598537696.502637824
160,1598537696.603169792
163,1598537696.703492608
154,1598537696.803767296
143,1598537696.903966464
156,1598537697.003785728
182,1598537697.103819264
170,1598537697.203604992
212,1598537697.303470848
210,1598537697.403373312
211,1598537697.503249664
168,1598537697.603335168
141,1598537697.703052800
156,1598537697.803430144
176,1598537697.903967488
168,1598537698.004059648
195,1598537698.104036096
174,1598537698.203718912
191,1598537698.303409664
161,1598537698.402907392
178,1598537698.502621952
171,1598537698.602518528
202,1598537698.702190848
161,1598537698.802339584
144,1598537698.902828032
149,1598537699.002951936
188,1598537699.103831808
141,1598537699.204142336
197,1598537699.304279808
170,1598537699.404285696
192,1598537699.503909376
142,1598537699.603536896
168,1598537699.703383040
201,1598537699.803111424
247,1598537699.903269376
129,1598537700.003686144
71,1598537700.104567040
137,1598537700.204825600
167,1598537700.304686848
139,1598537700.404611072
164,1598537700.504380416
164,1598537700.603583232
133,1598537700.702985728
165,1598537700.802432768
156,1598537700.902303488
154,1598537701.002434816
177,1598537701.103268352
126,1598537701.203990528
183,1598537701.304719104
150,1598537701.404720128
140,1598537701.504759552
152,1598537701.604305664
88,1598537701.704070400
128,1598537701.803518208
114,1598537701.903376384
154,1598537702.003476480
142,1598537702.103674112
108,1598537702.204179712
152,1598537702.304676608
132,1598537702.404742400
156,1598537702.504436736
149,1598537702.603580672
161,1598537702.702465792
235,1598537702.802170880
182,1598537702.901993728
202,1598537703.001725696
142,1598537703.102285824
183,1598537703.204187392
149,1598537703.304775680
133,1598537703.405322240
189,1598537703.504624896
194,1598537703.604696832
186,1598537703.704100352
185,1598537703.803268608
172,1598537703.903266560
229,1598537704.003154176
199,1598537704.102168320
201,1598537704.202090496
132,1598537704.301794304
187,1598537704.401362944
197,1598537704.502129664
161,1598537704.602456320
162,1598537704.702997248
144,1598537704.802915072
183,1598537704.903193856
214,1598537705.003770112
201,1598537705.103958272
237,1598537705.204228096
123,1598537705.304475136
142,1598537705.404529408
191,1598537705.504548864
146,1598537705.605214464
199,1598537705.705425152
192,1598537705.805591808
209,1598537705.905298176
165,1598537706.004286720
144,1598537706.103330560
170,1598537706.202824448
136,1598537706.301979392
168,1598537706.401971456
150,1598537706.502470144
145,1598537706.602056704
132,1598537706.702539520
138,1598537706.803378432
174,1598537706.904060928
135,1598537707.005063424
139,1598537707.104896768
171,1598537707.204882432
186,1598537707.304422400
202,1598537707.404078592
183,1598537707.503975936
171,1598537707.603846400
170,1598537707.703697152
184,1598537707.803640064
148,1598537707.904354816
213,1598537708.004295424
215,1598537708.104991488
191,1598537708.205271552
201,1598537708.304583424
184,1598537708.404174592
192,1598537708.503460096
174,1598537708.603739648
156,1598537708.704212480
159,1598537708.804492288
155,1598537708.904565248
190,1598537709.004520448
145,1598537709.104053760
169,1598537709.203916544
147,1598537709.303887104
163,1598537709.403480320
153,1598537709.503322112
152,1598537709.602878720
169,1598537709.702231552
154,1598537709.802203904
178,1598537709.902418944
135,1598537710.002702080
103,1598537710.103721216
140,1598537710.203721728
173,1598537710.304422400
199,1598537710.404123392
225,1598537710.503733760
135,1598537710.603501824
173,1598537710.703072256
122,1598537710.802564608
108,1598537710.902428160
174,1598537711.002640128
148,1598537711.102785280
167,1598537711.203289088
175,1598537711.303835392
117,1598537711.403970560
193,1598537711.503948800
177,1598537711.603951872
156,1598537711.704188928
182,1598537711.803796992
131,1598537711.903745280
143,1598537712.003729664
154,1598537712.104042496
113,1598537712.203897088
169,1598537712.304165376
168,1598537712.404210944
161,1598537712.504551936
149,1598537712.604486912
131,1598537712.704631808
154,1598537712.804759040
106,1598537712.904200192
138,1598537713.004015360
142,1598537713.103740672
139,1598537713.203595776
188,1598537713.303491328
183,1598537713.403872256
122,1598537713.504287744
114,1598537713.604371200
150,1598537713.704225792
140,1598537713.804227584
153,1598537713.904446976
152,1598537714.004014336
144,1598537714.103576320
170,1598537714.204027904
176,1598537714.303717376
148,1598537714.403722240
136,1598537714.503946752
119,1598537714.603533568
131,1598537714.703465216
187,1598537714.803332352
204,1598537714.903677952
135,1598537715.004181248
184,1598537715.104244992
160,1598537715.203294464
180,1598537715.303394560
162,1598537715.403894016
209,1598537715.503872512
236,1598537715.604144896
163,1598537715.704260096
141,1598537715.804754176
117,1598537715.904882176
217,1598537716.004413440
184,1598537716.104048384
180,1598537716.203085568
156,1598537716.302550272
127,1598537716.402580224
184,1598537716.502992384
156,1598537716.603383808
127,1598537716.703979520
124,1598537716.804411648
122,1598537716.904951808
175,1598537717.004754176
150,1598537717.104478720
130,1598537717.204159488
125,1598537717.303457536
168,1598537717.402441472
132,1598537717.502645248
155,1598537717.602780672
151,1598537717.702679296
177,1598537717.803264000
146,1598537717.903427072
166,1598537718.003951360
154,1598537718.104255488
142,1598537718.204758272
141,1598537718.304901120
161,1598537718.404619520
190,1598537718.503851520
152,1598537718.603863040
152,1598537718.703898368
166,1598537718.803763712
201,1598537718.904519680
176,1598537719.004836864
143,1598537719.105338624
183,1598537719.205334016
200,1598537719.304975104
170,1598537719.404974336
188,1598537719.504454912
218,1598537719.603684864
146,1598537719.703721984
146,1598537719.803569664
128,1598537719.903684352
153,1598537720.004115712
129,1598537720.104944896
115,1598537720.205431552
181,1598537720.305629952
212,1598537720.405489664
139,1598537720.505339136
132,1598537720.604629760
124,1598537720.703668736
137,1598537720.803814912
152,1598537720.903415296
143,1598537721.003481856
119,1598537721.104268032
140,1598537721.205017856
157,1598537721.305716992
178,1598537721.406032384
104,1598537721.505552384
177,1598537721.604918528
153,1598537721.703829760
139,1598537721.803068416
89,1598537721.903484672
123,1598537722.003414784
119,1598537722.103462912
116,1598537722.204169984
101,1598537722.304273152
107,1598537722.404491264
121,1598537722.504012288
101,1598537722.604092416
129,1598537722.703839488
146,1598537722.802980864
100,1598537722.902819840
113,1598537723.003017472
100,1598537723.102773760
131,1598537723.202737664
75,1598537723.302989824
117,1598537723.403363328
100,1598537723.504086016
83,1598537723.605099776
69,1598537723.705773312
103,1598537723.806061312
121,1598537723.905924096
117,1598537724.005749760
153,1598537724.106375680
113,1598537724.206467072
128,1598537724.306773504
134,1598537724.406495232
159,1598537724.505829120
158,1598537724.605234688
161,1598537724.705037312
154,1598537724.804440320
171,1598537724.903800576
149,1598537725.003133184
180,1598537725.103364352
192,1598537725.203510272
146,1598537725.303491840
205,1598537725.403727872
149,1598537725.503586560
203,1598537725.603810560
175,1598537725.703684352
149,1598537725.803441664
149,1598537725.903368192
216,1598537726.003424512
187,1598537726.102808832
130,1598537726.202286592
187,1598537726.303255040
181,1598537726.403462400
144,1598537726.504207616
182,1598537726.605384192
144,1598537726.705338624
179,1598537726.805447168
143,1598537726.905012736
139,1598537727.004432128
208,1598537727.103858176
175,1598537727.203070720
147,1598537727.303402752
231,1598537727.403545344
168,1598537727.503635456
177,1598537727.603717632
140,1598537727.704072960
157,1598537727.804565760
169,1598537727.904732928
143,1598537728.004908288
204,1598537728.105250304
105,1598537728.204636160
189,1598537728.304380672
214,1598537728.403956992
200,1598537728.504090112
172,1598537728.604083968
184,1598537728.704244736
190,1598537728.804431616
190,1598537728.904412160
222,1598537729.004152576
173,1598537729.104032000
210,1598537729.203924992
185,1598537729.303142656
202,1598537729.403080960
149,1598537729.503425280
166,1598537729.603338752
204,1598537729.703491328
149,1598537729.803684096
188,1598537729.903480320
132,1598537730.003416320
136,1598537730.103418112
118,1598537730.203810304
156,1598537730.304228096
108,1598537730.403942912
143,1598537730.503963648
164,1598537730.603962368
123,1598537730.704295680
131,1598537730.804671232
173,1598537730.905086976
165,1598537731.004860416
164,1598537731.105444864
155,1598537731.205914112
178,1598537731.306531072
168,1598537731.406673152
160,1598537731.506531072
126,1598537731.606785024
174,1598537731.706347776
162,1598537731.805573632
170,1598537731.904967168
189,1598537732.004157696
111,1598537732.103684352
114,1598537732.203177216
176,1598537732.302747904
149,1598537732.402373120
175,1598537732.502347264
138,1598537732.602144000
160,1598537732.702436608
125,1598537732.803019008
156,1598537732.903027712
137,1598537733.003715584
193,1598537733.103915008
136,1598537733.204301568
143,1598537733.304686336
147,1598537733.404520960
113,1598537733.504537088
174,1598537733.603852800
189,1598537733.703544064
123,1598537733.803916288
190,1598537733.904039936
188,1598537734.004221696
131,1598537734.104870912
165,1598537734.204836864
127,1598537734.305551616
184,1598537734.405741056
239,1598537734.505637888
216,1598537734.605401344
144,1598537734.704720384
147,1598537734.804588800
181,1598537734.904412928
198,1598537735.003971328
240,1598537735.104142592
198,1598537735.204948224
157,1598537735.304794112
160,1598537735.405063424
165,1598537735.505314304
196,1598537735.605323264
223,1598537735.704885504
166,1598537735.804174336
137,1598537735.904566528
177,1598537736.004851456
147,1598537736.104765952
184,1598537736.205219328
230,1598537736.305658624
124,1598537736.406037760
160,1598537736.505441792
185,1598537736.605395456
157,1598537736.705426432
176,1598537736.805225472
137,1598537736.904943360
106,1598537737.005318400
111,1598537737.105872384
124,1598537737.205992192
152,1598537737.306390016
209,1598537737.406177792
168,1598537737.506257152
231,1598537737.605635072
170,1598537737.705251328
191,1598537737.804764416
183,1598537737.903638528
162,1598537738.002929152
178,1598537738.102956800
173,1598537738.203206400
189,1598537738.303426048
147,1598537738.403982848
109,1598537738.504324096
128,1598537738.604928000
140,1598537738.704909312
186,1598537738.805163008
162,1598537738.905223680
101,1598537739.004523008
126,1598537739.104368896
145,1598537739.203947520
130,1598537739.303800320
184,1598537739.403971584
174,1598537739.504579328
135,1598537739.605307904
190,1598537739.705689600
188,1598537739.805571072
188,1598537739.905567488
169,1598537740.005219584
133,1598537740.104221184
140,1598537740.204182784
178,1598537740.304493056
167,1598537740.404325632
171,1598537740.504722432
176,1598537740.605396992
182,1598537740.706373376
176,1598537740.806582784
132,1598537740.906753792
124,1598537741.006868480
112,1598537741.106564864
165,1598537741.205806336
114,1598537741.305735936
167,1598537741.405200896
126,1598537741.504262912
113,1598537741.604101376
118,1598537741.703654912
107,1598537741.803879424
120,1598537741.903653376
123,1598537742.003663872
77,1598537742.103343616
69,1598537742.203287552
85,1598537742.303603968
87,1598537742.404329728
113,1598537742.504773376
115,1598537742.605188352
98,1598537742.705911552
85,1598537742.806277888
122,1598537742.906427136
159,1598537743.005965056
138,1598537743.105508864
167,1598537743.204904448
194,1598537743.304331264
215,1598537743.404014592
132,1598537743.503876352
206,1598537743.603900928
166,1598537743.704385024
157,1598537743.804862208
118,1598537743.905228544
185,1598537744.005540096
192,1598537744.105527296
174,1598537744.205634816
209,1598537744.305221376
220,1598537744.404722176
176,1598537744.504450048
177,1598537744.604303104
215,1598537744.704397568
220,1598537744.804132096
175,1598537744.904669184
182,1598537745.005335040
158,1598537745.105338112
191,1598537745.205102336
275,1598537745.305116672
231,1598537745.404819456
177,1598537745.504155648
244,1598537745.603916032
166,1598537745.704232448
244,1598537745.804169728
203,1598537745.904256256
164,1598537746.004968448
165,1598537746.105285376
144,1598537746.205513984
162,1598537746.305409792
180,1598537746.405572096
161,1598537746.505169152
138,1598537746.604296960
182,1598537746.704407040
171,1598537746.803930368
196,1598537746.903822592
196,1598537747.003940864
167,1598537747.104324352
142,1598537747.204176896
200,1598537747.303922176
212,1598537747.403986688
136,1598537747.504190208
166,1598537747.604179200
186,1598537747.703693568
195,1598537747.804373248
165,1598537747.904361984
177,1598537748.004578048
139,1598537748.105254656
231,1598537748.205523456
164,1598537748.305422592
222,1598537748.404793088
229,1598537748.504776960
153,1598537748.604532736
190,1598537748.704018432
177,1598537748.804122624
129,1598537748.904556288
214,1598537749.004864256
201,1598537749.105225984
134,1598537749.205461504
128,1598537749.305562368
144,1598537749.405644288
193,1598537749.505351680
205,1598537749.605091328
146,1598537749.704975872
163,1598537749.804701952
165,1598537749.904694784
176,1598537750.004520192
173,1598537750.104608000
180,1598537750.204799488
135,1598537750.305135872
148,1598537750.405527552
164,1598537750.505205504
163,1598537750.605445120
141,1598537750.705100032
179,1598537750.805063424
156,1598537750.904604672
128,1598537751.004460032
154,1598537751.104730368
157,1598537751.204473088
198,1598537751.305219328
187,1598537751.405590272
131,1598537751.505859328
146,1598537751.605610240
158,1598537751.705608448
138,1598537751.805339136
148,1598537751.904987392
148,1598537752.004293888
156,1598537752.104568320
152,1598537752.204673536
115,1598537752.304774656
130,1598537752.405210880
104,1598537752.505301504
113,1598537752.605009408
154,1598537752.705016064
159,1598537752.805068288
118,1598537752.904874752
113,1598537753.004518144
158,1598537753.104398080
119,1598537753.203761664
150,1598537753.304111360
169,1598537753.403727872
138,1598537753.504002816
135,1598537753.604348416
147,1598537753.705270784
123,1598537753.805144576
154,1598537753.905374208
100,1598537754.004999424
105,1598537754.104360960
162,1598537754.203973376
93,1598537754.304244992
164,1598537754.404184320
125,1598537754.504598016
167,1598537754.604978176
91,1598537754.705086208
95,1598537754.804963072
115,1598537754.904956928
163,1598537755.004199168
136,1598537755.104174592
163,1598537755.203796992
130,1598537755.303909376
103,1598537755.404535808
144,1598537755.504503552
108,1598537755.604962048
108,1598537755.705713408
143,1598537755.805762560
107,1598537755.905482752
175,1598537756.005257216
122,1598537756.105015296
174,1598537756.204632320
140,1598537756.303721216
134,1598537756.404039168
164,1598537756.503840256
192,1598537756.604002048
141,1598537756.704667392
188,1598537756.804820992
134,1598537756.905171712
152,1598537757.005158912
160,1598537757.105200640
132,1598537757.205030400
136,1598537757.304528640
152,1598537757.404038912
114,1598537757.504267264
160,1598537757.604119040
154,1598537757.704219648
129,1598537757.804698880
162,1598537757.904779520
155,1598537758.004641024
159,1598537758.104644352
150,1598537758.204556032
152,1598537758.304475648
130,1598537758.404295680
187,1598537758.504300288
133,1598537758.604565760
187,1598537758.704458240
160,1598537758.804621056
141,1598537758.905252864
152,1598537759.005503744
158,1598537759.105248512
150,1598537759.205136896
161,1598537759.305008128
142,1598537759.405213184
192,1598537759.504887808
143,1598537759.605321984
170,1598537759.705302528
138,1598537759.805376512
137,1598537759.905545728
180,1598537760.005792256
141,1598537760.105979648
209,1598537760.205641728
150,1598537760.305656064
180,1598537760.405570048
165,1598537760.505123328
130,1598537760.605338880
140,1598537760.705465344
128,1598537760.805481984
118,1598537760.905865472
171,1598537761.006350080
141,1598537761.106465024
168,1598537761.206311168
167,1598537761.305890816
126,1598537761.405629440
151,1598537761.505278720
175,1598537761.604743424
112,1598537761.705271552
188,1598537761.805132800
160,1598537761.905126656
155,1598537762.005686784
116,1598537762.105687296
128,1598537762.205973760
154,1598537762.305629696
148,1598537762.405386752
131,1598537762.505007616
212,1598537762.604477696
136,1598537762.703959040
111,1598537762.804267776
145,1598537762.903903744
159,1598537763.004116224
174,1598537763.104281856
132,1598537763.204468224
183,1598537763.305370368
154,1598537763.405418240
124,1598537763.505637120
125,1598537763.605420800
155,1598537763.704695808
110,1598537763.805009664
161,1598537763.904934656
120,1598537764.005055744
112,1598537764.105173248
144,1598537764.205350144
122,1598537764.305535488
100,1598537764.405438208
128,1598537764.505355008
122,1598537764.604897536
160,1598537764.704395008
140,1598537764.803838720
97,1598537764.904354048
112,1598537765.004247296
94,1598537765.104749056
122,1598537765.205485312
113,1598537765.305676288
117,1598537765.406486016
161,1598537765.506286848
144,1598537765.606349056
130,1598537765.705960704
110,1598537765.805197824
150,1598537765.905086720
136,1598537766.004727552
124,1598537766.104551168
139,1598537766.205104640
123,1598537766.305519104
123,1598537766.405639936
100,1598537766.505760512
141,1598537766.605636608
128,1598537766.705895424
103,1598537766.805418240
119,1598537766.904694272
101,1598537767.004941312
119,1598537767.104664832
123,1598537767.204433664
111,1598537767.304939520
130,1598537767.405450752
99,1598537767.505453824
92,1598537767.605448448
128,1598537767.705617920
122,1598537767.805666816
152,1598537767.905286144
99,1598537768.005005824
62,1598537768.105459456
101,1598537768.205469440
102,1598537768.305603840
124,1598537768.405566976
100,1598537768.505737472
104,1598537768.606190848
101,1598537768.706435328
82,1598537768.806875648
79,1598537768.907036416
119,1598537769.006738944
93,1598537769.106814464
161,1598537769.207287808
178,1598537769.306685440
157,1598537769.406729984
147,1598537769.506248192
151,1598537769.605830400
170,1598537769.705349120
192,1598537769.804710912
197,1598537769.904241152
173,1598537770.003933696
127,1598537770.103537664
179,1598537770.203289344
159,1598537770.303838464
167,1598537770.403646976
145,1598537770.504190720
125,1598537770.604669440
180,1598537770.705136128
136,1598537770.805310208
151,1598537770.905182976
155,1598537771.005088768
172,1598537771.104884992
169,1598537771.204063488
178,1598537771.303680256
181,1598537771.403786240
187,1598537771.503891968
128,1598537771.603808000
199,1598537771.704157952
166,1598537771.803820032
230,1598537771.904523264
222,1598537772.004782336
139,1598537772.105999616
169,1598537772.206109696
157,1598537772.305934592
205,1598537772.405732352
244,1598537772.505629696
238,1598537772.605495296
232,1598537772.705272320
214,1598537772.805130240
143,1598537772.904907008
187,1598537773.004827648
172,1598537773.104404480
221,1598537773.204258304
284,1598537773.303964672
224,1598537773.403585792
156,1598537773.503402496
132,1598537773.603653888
216,1598537773.704227840
270,1598537773.804555776
180,1598537773.904990464
243,1598537774.005445888
208,1598537774.105637376
223,1598537774.205216256
214,1598537774.304984832
219,1598537774.404984576
220,1598537774.504226560
177,1598537774.604196608
166,1598537774.704177664
228,1598537774.804352000
239,1598537774.904924160
163,1598537775.005186304
169,1598537775.105778688
216,1598537775.206173696
180,1598537775.305950208
161,1598537775.406007808
177,1598537775.505826816
220,1598537775.605402624
197,1598537775.705271040
235,1598537775.805245952
143,1598537775.905074688
192,1598537776.005509888
154,1598537776.105860352
193,1598537776.206049280
221,1598537776.305308928
209,1598537776.405190912
247,1598537776.505212928
231,1598537776.604815616
185,1598537776.704347136
179,1598537776.804726528
191,1598537776.904786176
184,1598537777.005311488
186,1598537777.105866496
209,1598537777.206132480
225,1598537777.306776832
255,1598537777.406070528
225,1598537777.505985792
243,1598537777.605818368
200,1598537777.705126912
179,1598537777.804604928
203,1598537777.904838400
211,1598537778.005110528
219,1598537778.105618176
192,1598537778.206051072
257,1598537778.306892544
234,1598537778.407056640
224,1598537778.507130880
194,1598537778.607183104
209,1598537778.706755584
205,1598537778.806191360
188,1598537778.905662976
210,1598537779.005171968
208,1598537779.104646144
248,1598537779.204640000
210,1598537779.305138176
214,1598537779.406002944
173,1598537779.506414592
238,1598537779.606367232
242,1598537779.706711296
179,1598537779.806333184
198,1598537779.905633280
239,1598537780.005582848
215,1598537780.105562112
243,1598537780.205475840
182,1598537780.305751808
201,1598537780.405933056
178,1598537780.506120960
196,1598537780.605868288
181,1598537780.705901568
169,1598537780.805660416
176,1598537780.905404928
197,1598537781.005075712
177,1598537781.105307392
143,1598537781.205114880
200,1598537781.305521408
190,1598537781.405504256
181,1598537781.506411008
189,1598537781.606811904
191,1598537781.706073088
167,1598537781.806098688
170,1598537781.905849344
184,1598537782.005111296
203,1598537782.104677120
156,1598537782.203933696
155,1598537782.303776000
186,1598537782.403616768
250,1598537782.504351488
250,1598537782.605117696
171,1598537782.705334784
198,1598537782.805580288
246,1598537782.905923584
194,1598537783.006297600
195,1598537783.106082560
210,1598537783.205560832
155,1598537783.306154240
169,1598537783.405667072
136,1598537783.505742336
186,1598537783.605858304
164,1598537783.706052608
163,1598537783.805742080
215,1598537783.905501952
173,1598537784.005579776
178,1598537784.105655296
128,1598537784.205309952
208,1598537784.305315840
206,1598537784.405661440
261,1598537784.505702656
166,1598537784.605871104
169,1598537784.706246144
138,1598537784.806565632
153,1598537784.906757376
209,1598537785.006123264
137,1598537785.106022400
205,1598537785.205513984
168,1598537785.305542144
176,1598537785.405376000
182,1598537785.505622528
196,1598537785.605367040
146,1598537785.705497088
162,1598537785.806070528
137,1598537785.906485248
153,1598537786.006719232
151,1598537786.106542592
136,1598537786.206389504
147,1598537786.306137600
144,1598537786.405736192
146,1598537786.505232896
120,1598537786.605928704
129,1598537786.706025984
108,1598537786.806337280
144,1598537786.906672640
96,1598537787.006597376
115,1598537787.106774272
108,1598537787.206150400
123,1598537787.305367296
156,1598537787.404140032
163,1598537787.503273472
137,1598537787.603091968
159,1598537787.703861760
142,1598537787.804213504
143,1598537787.905084928
175,1598537788.006030080
144,1598537788.106312704
130,1598537788.206884352
122,1598537788.307160576
132,1598537788.406425088
127,1598537788.506067456
156,1598537788.605971968
111,1598537788.706215424
166,1598537788.806700032
113,1598537788.906302464
138,1598537789.005574144
115,1598537789.105701632
125,1598537789.205716736
128,1598537789.305475584
142,1598537789.405143296
122,1598537789.504506624
112,1598537789.604044800
134,1598537789.704362496
154,1598537789.804377856
157,1598537789.904333824
124,1598537790.004423680
138,1598537790.104743936
145,1598537790.205559040
167,1598537790.306011136
143,1598537790.405946112
135,1598537790.505955328
196,1598537790.605977088
217,1598537790.705744640
182,1598537790.805619968
154,1598537790.905152000
166,1598537791.005260800
170,1598537791.104939264
193,1598537791.204888320
179,1598537791.305761024
173,1598537791.405497088
198,1598537791.505453568
177,1598537791.605575424
201,1598537791.705435136
141,1598537791.805470976
212,1598537791.905438208
156,1598537792.005658368
180,1598537792.106106624
175,1598537792.205826048
149,1598537792.305699840
130,1598537792.406008064
176,1598537792.505647872
153,1598537792.605561344
141,1598537792.705498624
149,1598537792.805049856
127,1598537792.905057792
109,1598537793.005222400
154,1598537793.105163264
145,1598537793.205214208
114,1598537793.304968960
183,1598537793.405175296
178,1598537793.505744640
158,1598537793.606008576
134,1598537793.706051328
191,1598537793.805989376
118,1598537793.905877504
158,1598537794.005431296
102,1598537794.105453568
145,1598537794.205174784
155,1598537794.305380608
109,1598537794.405334016
134,1598537794.505532416
143,1598537794.606045184
108,1598537794.706051328
136,1598537794.806031616
154,1598537794.905613824
153,1598537795.004899328
162,1598537795.104651776
122,1598537795.204541440
156,1598537795.304928512
144,1598537795.405056768
124,1598537795.505352192
127,1598537795.605513728
128,1598537795.705525504
172,1598537795.805574144
162,1598537795.905465600
154,1598537796.005631488
141,1598537796.105413120
150,1598537796.205438208
103,1598537796.305506304
127,1598537796.405775360
125,1598537796.505989888
150,1598537796.606038784
122,1598537796.706076416
131,1598537796.805901056
149,1598537796.905578752
154,1598537797.005050368
132,1598537797.104736512
140,1598537797.204630272
145,1598537797.304825088
128,1598537797.404663808
107,1598537797.505259264
109,1598537797.604844544
141,1598537797.705257216
143,1598537797.806070016
169,1598537797.906188032
177,1598537798.006680576
180,1598537798.106158336
132,1598537798.205961472
141,1598537798.305558272
150,1598537798.404888832
168,1598537798.504355840
149,1598537798.604901376
159,1598537798.705291776
153,1598537798.805742592
170,1598537798.905930240
164,1598537799.006003456
132,1598537799.106306304
153,1598537799.206419456
154,1598537799.306163456
148,1598537799.405828352
159,1598537799.505037824
153,1598537799.604370944
177,1598537799.704838400
172,1598537799.804289536
144,1598537799.904848128
138,1598537800.005397504
128,1598537800.105732864
131,1598537800.205579264
155,1598537800.305907712
130,1598537800.406046464
118,1598537800.505889792
116,1598537800.605424384
139,1598537800.704962048
149,1598537800.805070336
121,1598537800.904950272
105,1598537801.005388544
136,1598537801.106251264
130,1598537801.206265344
139,1598537801.306394368
154,1598537801.406593024
144,1598537801.506210816
130,1598537801.605917952
168,1598537801.705295360
157,1598537801.805335040
171,1598537801.905219840
141,1598537802.004895232
156,1598537802.105100544
167,1598537802.205552384
153,1598537802.306134784
181,1598537802.406072832
171,1598537802.505910784
160,1598537802.605871104
157,1598537802.705610496
194,1598537802.804967168
152,1598537802.905359872
168,1598537803.005053440
143,1598537803.104939776
189,1598537803.205152256
138,1598537803.305573120
157,1598537803.405930496
193,1598537803.505833216
157,1598537803.606067968
145,1598537803.706109952
167,1598537803.805591296
136,1598537803.905563392
139,1598537804.005771264
184,1598537804.105665024
148,1598537804.205286912
160,1598537804.305697024
127,1598537804.405854464
121,1598537804.506122752
152,1598537804.606505728
142,1598537804.706278656
161,1598537804.806138880
97,1598537804.905960960
130,1598537805.006039808
130,1598537805.106184448
146,1598537805.206210816
130,1598537805.306289152
116,1598537805.405986048
106,1598537805.506650112
81,1598537805.606860032
123,1598537805.706420224
151,1598537805.806122752
148,1598537805.905701120
153,1598537806.005432320
101,1598537806.105006848
179,1598537806.205702656
153,1598537806.305785088
89,1598537806.405824256
143,1598537806.506331648
116,1598537806.606594560
137,1598537806.706674944
178,1598537806.806473728
138,1598537806.906237696
118,1598537807.006103296
117,1598537807.105684480
162,1598537807.205030144
116,1598537807.305186560
131,1598537807.405106176
149,1598537807.505007872
136,1598537807.605375232
127,1598537807.705949952
122,1598537807.806444032
133,1598537807.906814720
208,1598537808.007012096
168,1598537808.106845440
141,1598537808.206546944
136,1598537808.306234368
113,1598537808.406489088
150,1598537808.506336256
134,1598537808.606160128
141,1598537808.706143488
137,1598537808.805895168
137,1598537808.906367232
131,1598537809.006414848
131,1598537809.106320896
126,1598537809.206061824
125,1598537809.305358848
161,1598537809.404980224
135,1598537809.505208576
153,1598537809.604812544
140,1598537809.704619008
140,1598537809.805166592
194,1598537809.905463808
151,1598537810.006134784
192,1598537810.106437888
128,1598537810.206423296
165,1598537810.306294784
116,1598537810.405677824
134,1598537810.505345024
146,1598537810.605735424
162,1598537810.705341696
127,1598537810.805169408
130,1598537810.905440256
205,1598537811.005576448
117,1598537811.105789440
130,1598537811.206128640
150,1598537811.306010624
121,1598537811.405977088
162,1598537811.505306624
155,1598537811.605010944
135,1598537811.705235200
160,1598537811.804668416
133,1598537811.904851968
130,1598537812.005541120
180,1598537812.106215168
141,1598537812.206254592
197,1598537812.306714368
124,1598537812.406596608
109,1598537812.506644736
160,1598537812.606086400
176,1598537812.705601280
171,1598537812.805883648
160,1598537812.905823744
183,1598537813.006033408
190,1598537813.106478336
154,1598537813.206746368
152,1598537813.307222016
151,1598537813.407254272
238,1598537813.506779904
181,1598537813.606679040
188,1598537813.706023168
214,1598537813.805672704
182,1598537813.906052864
204,1598537814.006080768
188,1598537814.106219008
159,1598537814.206582016
180,1598537814.306231808
126,1598537814.406279424
172,1598537814.506294016
162,1598537814.606051328
183,1598537814.706013184
207,1598537814.805646848
168,1598537814.905888768
167,1598537815.005953024
141,1598537815.106143232
156,1598537815.206493184
175,1598537815.306948096
187,1598537815.406825472
219,1598537815.507292672
251,1598537815.607260160
189,1598537815.706946048
211,1598537815.806655744
250,1598537815.905994496
235,1598537816.005703424
210,1598537816.105363968
213,1598537816.205374464
195,1598537816.306008576
211,1598537816.406399744
232,1598537816.506456320
160,1598537816.606843136
216,1598537816.706926336
219,1598537816.806451200
182,1598537816.906036480
235,1598537817.005383936
197,1598537817.105639168
178,1598537817.205079552
230,1598537817.304792064
181,1598537817.404797184
200,1598537817.505623296
144,1598537817.605766400
128,1598537817.706298368
176,1598537817.806625280
161,1598537817.906573824
195,1598537818.006031872
203,1598537818.105808128
186,1598537818.205991168
118,1598537818.306040320
187,1598537818.405763584
135,1598537818.505523456
148,1598537818.605928960
117,1598537818.705771776
142,1598537818.806284544
127,1598537818.905641216
138,1598537819.005483520
176,1598537819.105427456
130,1598537819.205420544
148,1598537819.305499648
179,1598537819.405128704
175,1598537819.505214720
175,1598537819.605893888
174,1598537819.706174720
173,1598537819.806313984
146,1598537819.906261504
149,1598537820.005960448
152,1598537820.105546240
133,1598537820.204987648
199,1598537820.304682752
152,1598537820.405704960
172,1598537820.505994752
172,1598537820.606399232
190,1598537820.706255104
163,1598537820.806289408
184,1598537820.906172672
186,1598537821.006529792
202,1598537821.106633728
185,1598537821.206092800
184,1598537821.305587456
203,1598537821.405421568
173,1598537821.504947200
200,1598537821.604725504
165,1598537821.704737280
170,1598537821.804712960
165,1598537821.905434880
167,1598537822.005971456
188,1598537822.105956352
162,1598537822.206436608
170,1598537822.306224896
174,1598537822.405952512
219,1598537822.505906688
135,1598537822.605879552
180,1598537822.705810176
158,1598537822.805642752
188,1598537822.905529600
210,1598537823.006086400
146,1598537823.106482176
205,1598537823.206133504
181,1598537823.306454016
136,1598537823.406170368
208,1598537823.505535232
204,1598537823.605744640
149,1598537823.705790720
169,1598537823.806051072
177,1598537823.906369024
166,1598537824.006793216
155,1598537824.107098368
162,1598537824.207095552
199,1598537824.306935040
159,1598537824.406839040
194,1598537824.506375680
160,1598537824.606056704
169,1598537824.705360128
172,1598537824.805853952
197,1598537824.906107648
134,1598537825.006702592
166,1598537825.107376384
157,1598537825.207616000
133,1598537825.307501824
157,1598537825.407636992
198,1598537825.507246848
152,1598537825.606437120
211,1598537825.705584384
144,1598537825.805171200
134,1598537825.905088768
163,1598537826.005248768
163,1598537826.105886976
197,1598537826.206300672
171,1598537826.306712320
145,1598537826.406787840
158,1598537826.506514688
180,1598537826.605867264
145,1598537826.705381888
122,1598537826.805248512
179,1598537826.904964352
158,1598537827.005187584
202,1598537827.105921024
190,1598537827.206280704
189,1598537827.306257664
125,1598537827.406265856
134,1598537827.507097088
146,1598537827.608630016
155,1598537827.708915968
144,1598537827.809696512
142,1598537827.909865472
159,1598537828.009292800
138,1598537828.108932864
167,1598537828.208381696
131,1598537828.307997952
129,1598537828.407696640
132,1598537828.507375104
140,1598537828.606749184
155,1598537828.706511872
147,1598537828.805984768
117,1598537828.905544960
140,1598537829.005301504
169,1598537829.105003776
137,1598537829.205231872
132,1598537829.305327872
154,1598537829.405734912
136,1598537829.506414848
131,1598537829.607259904
112,1598537829.707347712
123,1598537829.807689728
128,1598537829.907850752
171,1598537830.007600640
144,1598537830.107805696
132,1598537830.207242240
149,1598537830.307620864
139,1598537830.408828928
149,1598537830.509634560
161,1598537830.609935360
162,1598537830.709661696
194,1598537830.808924160
177,1598537830.909058560
152,1598537831.008349440
182,1598537831.107122432
150,1598537831.206300672
177,1598537831.305032448
184,1598537831.404211712
178,1598537831.504029440
189,1598537831.603621888
182,1598537831.703416576
167,1598537831.804166656
154,1598537831.904384512
138,1598537832.004736256
186,1598537832.105597440
179,1598537832.206234624
189,1598537832.306365952
133,1598537832.406417152
181,1598537832.505696768
163,1598537832.606395136
198,1598537832.706803456
183,1598537832.807465728
204,1598537832.907698688
201,1598537833.007632896
177,1598537833.107329792
217,1598537833.207279616
215,1598537833.307200512
233,1598537833.406738432
235,1598537833.506471680
164,1598537833.605965568
199,1598537833.705565696
189,1598537833.806211840
169,1598537833.906422528
173,1598537834.007057152
163,1598537834.107440384
153,1598537834.207197696
187,1598537834.307181568
191,1598537834.406912768
164,1598537834.506893312
175,1598537834.606622208
187,1598537834.705938176
157,1598537834.805794560
288,1598537834.906006016
148,1598537835.006691584
142,1598537835.107596288
273,1598537835.208016640
209,1598537835.308355328
156,1598537835.408678656
160,1598537835.508582400
186,1598537835.607985408
168,1598537835.707296512
192,1598537835.806544896
191,1598537835.906199808
213,1598537836.006105088
175,1598537836.106741760
142,1598537836.207297536
179,1598537836.308160768
187,1598537836.407971584
135,1598537836.507895808
156,1598537836.608118528
133,1598537836.707676160
153,1598537836.807286528
208,1598537836.906376704
208,1598537837.005701120
131,1598537837.105503232
92,1598537837.206444288
146,1598537837.306942208
170,1598537837.407586048
197,1598537837.507868672
151,1598537837.608285440
182,1598537837.708012032
186,1598537837.807828224
154,1598537837.907468800
177,1598537838.006798080
193,1598537838.106274048
169,1598537838.205566464
164,1598537838.304933888
172,1598537838.404317696
213,1598537838.504178944
167,1598537838.604502528
187,1598537838.704825856
194,1598537838.805354240
214,1598537838.906129920
256,1598537839.006866944
247,1598537839.107268352
127,1598537839.207890944
224,1598537839.308001024
204,1598537839.407547392
170,1598537839.507434240
160,1598537839.606297856
180,1598537839.705979136
154,1598537839.805956096
170,1598537839.906336256
215,1598537840.006709248
115,1598537840.107390976
132,1598537840.207939840
186,1598537840.308316416
219,1598537840.408230400
131,1598537840.508182272
188,1598537840.608032000
226,1598537840.707101952
193,1598537840.806259200
194,1598537840.906061568
174,1598537841.005697024
199,1598537841.105400064
235,1598537841.205811200
173,1598537841.306117632
163,1598537841.406972928
169,1598537841.507120128
186,1598537841.607183360
185,1598537841.706985984
156,1598537841.806607872
195,1598537841.905924608
170,1598537842.006309888
163,1598537842.105998592
205,1598537842.205772544
195,1598537842.306419456
187,1598537842.406281472
168,1598537842.506827520
206,1598537842.607008512
208,1598537842.707178240
171,1598537842.806845440
204,1598537842.906840832
147,1598537843.006536192
169,1598537843.106320640
num_of_features,time
192,1598537681.504127744
156,1598537681.604629760
182,1598537681.705216768
178,1598537681.804939776
249,1598537681.904721408
172,1598537682.003880704
182,1598537682.103325952
179,1598537682.202600960
173,1598537682.301754880
104,1598537682.401594880
158,1598537682.501441280
200,1598537682.601820160
187,1598537682.702421504
170,1598537682.802942464
125,1598537682.903083008
126,1598537683.003108864
177,1598537683.103367680
136,1598537683.203568896
140,1598537683.303637760
200,1598537683.403665152
190,1598537683.504374784
149,1598537683.604352768
229,1598537683.704233216
147,1598537683.803530240
155,1598537683.902376448
125,1598537684.000984064
194,1598537684.100150016
98,1598537684.199559680
112,1598537684.299474944
85,1598537684.399599872
105,1598537684.500289792
78,1598537684.600199168
112,1598537684.701149952
110,1598537684.802343680
151,1598537684.903285248
117,1598537685.004786176
115,1598537685.105835776
137,1598537685.206731008
126,1598537685.306354176
167,1598537685.405848320
258,1598537685.505607168
174,1598537685.605288192
254,1598537685.704893696
218,1598537685.804591360
168,1598537685.904205056
230,1598537686.004122624
226,1598537686.103940864
159,1598537686.203778304
263,1598537686.303783680
253,1598537686.404072192
254,1598537686.504488960
191,1598537686.604657152
242,1598537686.704696576
231,1598537686.804313088
212,1598537686.904407552
143,1598537687.003885824
186,1598537687.103507712
159,1598537687.203836160
208,1598537687.303876096
124,1598537687.403861760
124,1598537687.504686080
222,1598537687.604842752
114,1598537687.705112576
134,1598537687.804960768
227,1598537687.904417024
211,1598537688.004270336
188,1598537688.103472384
164,1598537688.203236608
198,1598537688.303471872
268,1598537688.403352832
237,1598537688.503506944
