x,y,z,roll,pitch,yaw,time
0.140888,1.44033,0.379972,0.00762927,-0.309765,1.34434,1598537681.504127744
0.142782,1.44316,0.318514,-0.0212846,-0.303521,1.27388,1598537681.604629760
0.146061,1.56626,0.31273,-0.00685324,-0.290823,1.22058,1598537681.705216768
0.130515,1.59882,0.354805,-0.0127287,-0.275011,1.19552,1598537681.804939776
0.134779,1.67567,0.328572,-0.0113411,-0.273391,1.15029,1598537681.904721408
0.125192,1.65709,0.382365,-0.00391828,-0.288001,1.15772,1598537682.003880704
0.110467,1.70233,0.388545,-0.0213255,-0.306737,1.15862,1598537682.103325952
0.117707,1.74772,0.337782,-0.0169993,-0.3448,1.18171,1598537682.202600960
0.0942773,1.7111,0.349405,-0.00329678,-0.369882,1.23563,1598537682.301754880
0.108088,1.76481,0.366135,0.0139885,-0.423262,1.26507,1598537682.401594880
0.0852453,1.72575,0.416529,0.037025,-0.448329,1.30253,1598537682.501441280
0.080858,1.67778,0.408501,0.0420166,-0.475569,1.31035,1598537682.601820160
0.0918811,1.70631,0.423884,0.0290905,-0.451772,1.34967,1598537682.702421504
0.0999555,1.71438,0.43207,0.0241952,-0.4269,1.35629,1598537682.802942464
0.0946098,1.71289,0.429058,-0.00049008,-0.381982,1.40852,1598537682.903083008
0.065078,1.69446,0.399103,-0.0225556,-0.338788,1.45291,1598537683.003108864
0.0610766,1.70256,0.371506,-0.0380792,-0.291399,1.48583,1598537683.103367680
0.0435903,1.70646,0.346955,-0.042465,-0.24846,1.5174,1598537683.203568896
0.0200694,1.68433,0.276497,-0.0363178,-0.213369,1.55093,1598537683.303637760
-0.0243453,1.63983,0.26432,-0.0340704,-0.191667,1.56141,1598537683.403665152
-0.0521324,1.63642,0.262558,-0.0322629,-0.163139,1.57113,1598537683.504374784
-0.111843,1.57868,0.254712,-0.0546635,-0.143935,1.58813,1598537683.604352768
-0.137299,1.57295,0.20308,-0.0563774,-0.142148,1.62331,1598537683.704233216
-0.195308,1.57196,0.211633,-0.0711836,-0.113535,1.68823,1598537683.803530240
-0.23551,1.54451,0.194966,-0.0852804,-0.0803684,1.80592,1598537683.902376448
-0.378702,1.57456,0.2008,-0.120777,-0.069146,1.93397,1598537684.000984064
-0.471305,1.55461,0.156097,-0.145038,-0.0717401,2.07288,1598537684.100150016
-0.550884,1.49385,0.0707298,-0.156989,-0.0832461,2.22404,1598537684.199559680
-0.657557,1.46759,0.0497664,-0.159802,-0.0900059,2.38401,1598537684.299474944
-0.753138,1.36069,0.0470003,-0.171744,-0.105339,2.5557,1598537684.399599872
-0.974835,1.37666,-0.0021838,-0.154461,-0.0952972,2.74737,1598537684.500289792
-0.956443,1.26149,0.0601585,-0.153391,-0.0685589,2.94768,1598537684.600199168
-1.00124,1.19068,0.0948002,-0.185181,-0.028254,3.13044,1598537684.701149952
-1.12236,1.14865,-0.0839607,-0.187082,0.0146953,-2.98333,1598537684.802343680
-1.0826,1.04322,-0.104543,-0.158936,0.0321669,-2.82578,1598537684.903285248
-1.12179,0.918984,-0.0986199,-0.148566,0.016956,-2.69232,1598537685.004786176
-1.08241,0.882281,-0.0563017,-0.166456,-0.00894064,-2.5873,1598537685.105835776
-1.16407,0.696801,-0.190946,-0.180482,0.00279989,-2.45472,1598537685.206731008
-1.17808,0.575149,-0.2425,-0.155738,0.0486985,-2.3246,1598537685.306354176
-1.18496,0.485394,-0.24645,-0.120736,0.0753962,-2.21727,1598537685.405848320
-1.19989,0.383809,-0.271288,-0.0916707,0.0862715,-2.13631,1598537685.505607168
-1.21882,0.283739,-0.276407,-0.0698581,0.076146,-2.05414,1598537685.605288192
-1.22987,0.200064,-0.261606,-0.0619649,0.0809841,-1.97545,1598537685.704893696
-1.26143,0.0442933,-0.304605,-0.055094,0.0833601,-1.88789,1598537685.804591360
-1.27253,-0.0331101,-0.301737,-0.0377462,0.103442,-1.83458,1598537685.904205056
-1.26006,-0.163177,-0.35848,-0.0131125,0.105847,-1.77482,1598537686.004122624
-1.25744,-0.262252,-0.392097,0.0135502,0.0874814,-1.7158,1598537686.103940864
-1.23873,-0.320962,-0.388278,0.0454275,0.06367,-1.6597,1598537686.203778304
-1.22165,-0.399449,-0.369199,0.0700127,0.0464586,-1.60886,1598537686.303783680
-1.22836,-0.507001,-0.33143,0.0660992,0.0388313,-1.59407,1598537686.404072192
-1.22669,-0.619763,-0.319806,0.0571782,0.035494,-1.58155,1598537686.504488960
-1.20797,-0.700636,-0.332619,0.046388,0.0502423,-1.56026,1598537686.604657152
-1.23714,-0.85292,-0.387969,0.0511145,0.04484,-1.52923,1598537686.704696576
-1.25923,-0.95345,-0.439425,0.0568658,0.0302999,-1.51197,1598537686.804313088
-1.24422,-1.0389,-0.470655,0.0720499,0.0337266,-1.51508,1598537686.904407552
-1.26311,-1.16264,-0.54731,0.105803,0.0390617,-1.46944,1598537687.003885824
-1.22863,-1.21524,-0.473077,0.111433,0.0495028,-1.45683,1598537687.103507712
-1.25405,-1.37575,-0.505859,0.108338,0.0893121,-1.4442,1598537687.203836160
-1.26387,-1.51339,-0.532848,0.103137,0.0908481,-1.42435,1598537687.303876096
-1.26133,-1.61731,-0.583593,0.0816908,0.0462167,-1.42313,1598537687.403861760
-1.28638,-1.83561,-0.642332,0.0633431,0.00140101,-1.4316,1598537687.504686080
-1.27632,-1.95577,-0.5784,0.0659819,-0.0103978,-1.44187,1598537687.604842752
-1.29218,-2.13263,-0.506932,0.0765408,0.0558004,-1.4442,1598537687.705112576
-1.29217,-2.27452,-0.56796,0.0970661,0.0856721,-1.43319,1598537687.804960768
-1.25871,-2.3291,-0.616047,0.08964,0.08116,-1.42473,1598537687.904417024
-1.27783,-2.54988,-0.690395,0.0996377,0.0725911,-1.41198,1598537688.004270336
-1.25401,-2.66336,-0.680561,0.106121,0.0507865,-1.37812,1598537688.103472384
-1.22104,-2.77077,-0.663399,0.0965797,0.0408099,-1.39499,1598537688.203236608
-1.20695,-2.92801,-0.702698,0.0907703,0.054729,-1.37665,1598537688.303471872
-1.18481,-3.00481,-0.676503,0.0870482,0.0510715,-1.3542,1598537688.403352832
-1.14425,-3.11757,-0.726156,0.0994988,0.0462768,-1.34823,1598537688.503506944
-1.138,-3.27929,-0.680331,0.128914,0.0234652,-1.34886,1598537688.603903744
-1.13581,-3.35152,-0.660909,0.135597,0.0416279,-1.35965,1598537688.704018432
-1.09243,-3.46202,-0.736522,0.141271,0.0536356,-1.3549,1598537688.804470528
-1.09347,-3.62475,-0.676565,0.155752,0.0607725,-1.34551,1598537688.904568320
-1.04525,-3.73798,-0.712283,0.147574,0.0674547,-1.34529,1598537689.004402944
-1.04598,-3.84825,-0.741971,0.15096,0.0379736,-1.34698,1598537689.104308736
-1.02757,-4.04521,-0.638854,0.132649,0.0260606,-1.32213,1598537689.203980288
-0.960084,-4.13317,-0.650098,0.125254,0.0314158,-1.28181,1598537689.303212032
-0.915357,-4.26559,-0.601112,0.0911723,0.036244,-1.28021,1598537689.403101696
-0.877005,-4.40648,-0.610771,0.0887392,0.0375859,-1.25685,1598537689.503064320
-0.802902,-4.50563,-0.634239,0.0989254,0.04266,-1.24837,1598537689.602999808
-0.751642,-4.64584,-0.613635,0.115202,0.0312918,-1.2397,1598537689.703315200
-0.702342,-4.74875,-0.52998,0.0891506,0.0158909,-1.25837,1598537689.803521280
-0.678283,-4.92203,-0.543761,0.0788837,0.0427594,-1.27154,1598537689.904045312
-0.5931,-5.0284,-0.519285,0.0749989,0.0454672,-1.27164,1598537690.003894272
-0.585802,-5.2729,-0.595127,0.0760744,0.0413763,-1.27621,1598537690.104278272
-0.530187,-5.41266,-0.585585,0.0944323,0.0409096,-1.26386,1598537690.204011264
-0.47993,-5.56861,-0.462333,0.068686,0.0398979,-1.25191,1598537690.303720448
-0.397581,-5.76403,-0.569805,0.0794318,0.0516663,-1.22096,1598537690.403648512
-0.36594,-5.87401,-0.526828,0.0950701,0.0550799,-1.19955,1598537690.503217664
-0.296985,-6.08491,-0.642669,0.113862,0.0451787,-1.18384,1598537690.603367936
-0.267305,-6.21384,-0.551941,0.133939,0.0499225,-1.17747,1598537690.703396608
-0.223713,-6.43495,-0.605059,0.133263,0.0492235,-1.18562,1598537690.803601664
-0.163724,-6.54892,-0.636132,0.14189,0.0468382,-1.18746,1598537690.903623424
-0.112992,-6.67519,-0.618638,0.149935,0.0900031,-1.2096,1598537691.004074496
-0.0772928,-6.78857,-0.63555,0.127393,0.106421,-1.25992,1598537691.104701184
-0.0981362,-6.95692,-0.673755,0.117457,0.103146,-1.29624,1598537691.205323008
-0.0522954,-7.11217,-0.666646,0.104697,0.091174,-1.32063,1598537691.305287168
-0.0529442,-7.31401,-0.631614,0.0992016,0.0643176,-1.28176,1598537691.404729856
0.00880772,-7.45772,-0.637649,0.104095,0.0425894,-1.2529,1598537691.503613952
0.0633645,-7.58062,-0.516293,0.0735633,0.0361307,-1.24961,1598537691.603115008
0.0976972,-7.87006,-0.603846,0.0632025,0.0147316,-1.20004,1598537691.703096832
0.159711,-7.95281,-0.595045,0.0720029,-0.0140315,-1.1707,1598537691.802357504
0.238009,-8.11311,-0.583683,0.0695271,-0.0436049,-1.17697,1598537691.902546944
0.269084,-8.22525,-0.59261,0.106433,-0.0601705,-1.16293,1598537692.002491392
0.293143,-8.32975,-0.521272,0.126208,-0.0536955,-1.17365,1598537692.103115520
0.285948,-8.50309,-0.525384,0.139185,-0.0397001,-1.16923,1598537692.203620864
0.3023,-8.57887,-0.441804,0.129043,-0.0536701,-1.17085,1598537692.303584512
0.326561,-8.6903,-0.437514,0.0941653,-0.0735115,-1.18066,1598537692.403758592
0.324496,-8.81017,-0.402834,0.081379,-0.0963242,-1.15485,1598537692.503445760
0.334245,-8.88614,-0.330315,0.0469888,-0.103038,-1.13396,1598537692.602852608
0.339385,-8.98316,-0.285779,0.020748,-0.097007,-1.14347,1598537692.702665472
0.399056,-9.12772,-0.27382,0.00539484,-0.10436,-1.14579,1598537692.802945280
0.444337,-9.21974,-0.318922,0.00081361,-0.109451,-1.14447,1598537692.902639872
0.474119,-9.35493,-0.386162,0.0255225,-0.117145,-1.13937,1598537693.002817536
0.447714,-9.41904,-0.390653,0.0662539,-0.127195,-1.15416,1598537693.102540288
0.455329,-9.54005,-0.371439,0.0744806,-0.111782,-1.20373,1598537693.203336704
0.508601,-9.63089,-0.374983,0.0760186,-0.0764161,-1.23914,1598537693.303886592
0.496656,-9.71659,-0.34372,0.0726897,-0.068891,-1.29693,1598537693.404139776
0.497777,-9.82259,-0.369823,0.0652425,-0.0634139,-1.35718,1598537693.504451584
0.538358,-9.95815,-0.487241,0.0933045,-0.0592815,-1.40169,1598537693.604558592
0.49888,-10.0993,-0.463231,0.103318,-0.0211535,-1.45638,1598537693.704345088
0.515585,-10.2186,-0.518921,0.111619,0.0181557,-1.50732,1598537693.804050176
0.5245,-10.3004,-0.454309,0.0995511,0.0428994,-1.56899,1598537693.903646976
0.583057,-10.3351,-0.493394,0.0923698,0.0403143,-1.62458,1598537694.003376640
0.585684,-10.4222,-0.495927,0.0798961,0.0282494,-1.70829,1598537694.103339520
0.534625,-10.561,-0.474492,0.082112,0.0170651,-1.77564,1598537694.203521792
0.509316,-10.6481,-0.43874,0.0897753,0.0221838,-1.86459,1598537694.303508480
0.502691,-10.7312,-0.488504,0.085942,0.0667006,-1.939,1598537694.403532544
0.534805,-10.781,-0.51978,0.100744,0.0727646,-1.99786,1598537694.503343360
0.502167,-10.8443,-0.382567,0.0895908,0.0954113,-2.06281,1598537694.603265792
0.359247,-11.039,-0.578065,0.0777215,0.1056,-2.11389,1598537694.703204608
0.41086,-11.0337,-0.434919,0.0784428,0.101021,-2.16466,1598537694.802643456
0.315114,-11.194,-0.487644,0.0523443,0.086663,-2.23002,1598537694.902685184
0.334881,-11.2071,-0.375516,0.0481577,0.0757024,-2.27745,1598537695.002489344
0.227721,-11.3179,-0.424347,0.031629,0.08842,-2.33261,1598537695.102608896
0.159889,-11.4136,-0.510533,0.0671437,0.0986771,-2.34017,1598537695.202398720
0.175083,-11.4295,-0.356503,0.0778358,0.103588,-2.38217,1598537695.302222336
0.135791,-11.477,-0.384689,0.0765322,0.090102,-2.44297,1598537695.402703616
0.0824153,-11.5565,-0.302696,0.065663,0.064431,-2.50104,1598537695.503401472
0.030139,-11.6017,-0.2597,0.0506983,0.0440848,-2.55319,1598537695.604009984
-0.0195625,-11.6345,-0.281958,0.0514903,0.0559722,-2.58193,1598537695.704362240
-0.0849709,-11.702,-0.253656,0.0570805,0.0533677,-2.60747,1598537695.804226048
-0.141521,-11.7377,-0.256343,0.0500685,0.0570031,-2.6458,1598537695.904278784
-0.203116,-11.7683,-0.302648,0.0408103,0.0543416,-2.67143,1598537696.004132608
-0.317937,-11.8309,-0.209601,0.0682787,0.0564615,-2.68347,1598537696.103810304
-0.375425,-11.9611,-0.185298,0.0583095,0.0598208,-2.69407,1598537696.203000320
-0.473644,-11.9378,-0.286225,0.031086,0.0582563,-2.70654,1598537696.303184128
-0.520355,-12.0225,-0.233284,0.0464117,0.0619794,-2.69966,1598537696.402724096
-0.56469,-12.0819,-0.264397,0.0451156,0.067054,-2.71369,1598537696.502637824
-0.665117,-12.1333,-0.341888,0.0409144,0.0690126,-2.74966,1598537696.603169792
-0.739061,-12.1802,-0.429391,0.0672033,0.0639894,-2.76473,1598537696.703492608
-0.785717,-12.2251,-0.386381,0.0733197,0.0882664,-2.78793,1598537696.803767296
-0.94184,-12.2872,-0.37534,0.0862135,0.111181,-2.79129,1598537696.903966464
-1.00202,-12.313,-0.374513,0.0818429,0.126329,-2.81158,1598537697.003785728
-1.11081,-12.3575,-0.358892,0.0786855,0.128816,-2.82365,1598537697.103819264
-1.16422,-12.3901,-0.378129,0.0842146,0.136861,-2.82057,1598537697.203604992
-1.22709,-12.4185,-0.374785,0.0764824,0.123258,-2.81202,1598537697.303470848
-1.33797,-12.4334,-0.353061,0.0680826,0.1297,-2.82305,1598537697.403373312
-1.42869,-12.5088,-0.326907,0.0648143,0.12744,-2.81629,1598537697.503249664
-1.50811,-12.4714,-0.433973,0.0644185,0.115765,-2.81159,1598537697.603335168
-1.54401,-12.4809,-0.450016,0.0945259,0.0893546,-2.79456,1598537697.703052800
-1.64714,-12.505,-0.365113,0.0906769,0.0740869,-2.82896,1598537697.803430144
-1.77256,-12.5309,-0.353949,0.0873974,0.0899281,-2.87276,1598537697.903967488
-1.82709,-12.6032,-0.500131,0.0918442,0.112091,-2.85881,1598537698.004059648
-1.9381,-12.5973,-0.570856,0.106586,0.105103,-2.85857,1598537698.104036096
-2.0501,-12.6175,-0.606154,0.11714,0.101865,-2.86239,1598537698.203718912
-2.13633,-12.6141,-0.599163,0.108569,0.0939139,-2.85837,1598537698.303409664
-2.24933,-12.6228,-0.608611,0.0910429,0.114451,-2.85621,1598537698.402907392
-2.36354,-12.6534,-0.617082,0.0760011,0.138355,-2.85599,1598537698.502621952
-2.50912,-12.6758,-0.609862,0.0746811,0.142835,-2.84417,1598537698.602518528
-2.61781,-12.7218,-0.67227,0.0812954,0.13832,-2.82877,1598537698.702190848
-2.73737,-12.7477,-0.702668,0.0718171,0.118361,-2.83806,1598537698.802339584
-2.88416,-12.7527,-0.537914,0.0953179,0.123993,-2.8245,1598537698.902828032
-2.8914,-12.7428,-0.535507,0.0558504,0.141052,-2.8593,1598537699.002951936
-3.00218,-12.7517,-0.597655,0.0572068,0.151132,-2.86415,1598537699.103831808
-3.14002,-12.7838,-0.585025,0.0603419,0.164519,-2.87162,1598537699.204142336
-3.25503,-12.7706,-0.603192,0.0422157,0.165642,-2.88316,1598537699.304279808
-3.39579,-12.7622,-0.640883,0.0317934,0.157501,-2.88406,1598537699.404285696
-3.4892,-12.7601,-0.589813,0.0456843,0.159677,-2.85614,1598537699.503909376
-3.61163,-12.7832,-0.744537,0.0687734,0.221866,-2.83999,1598537699.603536896
-3.77613,-12.8104,-0.763473,0.0918557,0.252779,-2.82102,1598537699.703383040
-3.8679,-12.8354,-0.78523,0.114001,0.261639,-2.80276,1598537699.803111424
-3.95086,-12.8529,-0.819577,0.114662,0.264173,-2.8198,1598537699.903269376
-4.10127,-12.9108,-0.614721,0.0510494,0.319061,-2.86154,1598537700.003686144
-4.08722,-12.8587,-0.572478,-0.0224951,0.318533,-2.92176,1598537700.104567040
-4.13918,-12.8625,-0.53772,-0.00692499,0.281141,-2.92026,1598537700.204825600
-4.18018,-12.8231,-0.582755,-0.0189345,0.248856,-2.95836,1598537700.304686848
-4.30322,-12.8598,-0.526427,-0.0155798,0.211025,-2.98315,1598537700.404611072
-4.42253,-12.8084,-0.473395,-0.0184366,0.201787,-2.97648,1598537700.504380416
-4.52366,-12.8234,-0.50551,-0.0309852,0.180708,-2.95603,1598537700.603583232
-4.64233,-12.8335,-0.344211,0.0147247,0.192059,-2.92363,1598537700.702985728
-4.73057,-12.8489,-0.319124,0.0364015,0.203502,-2.89474,1598537700.802432768
-4.89398,-12.8798,-0.426699,0.0685622,0.197884,-2.86689,1598537700.902303488
-4.97881,-12.9068,-0.409086,0.0976313,0.20124,-2.86779,1598537701.002434816
-5.1035,-12.9283,-0.351517,0.0888278,0.212765,-2.8852,1598537701.103268352
-5.21879,-12.975,-0.43141,0.0528786,0.218553,-2.90659,1598537701.203990528
-5.35001,-12.9994,-0.467788,0.076847,0.242013,-2.90382,1598537701.304719104
-5.46623,-13.0401,-0.512101,0.108485,0.234003,-2.88731,1598537701.404720128
-5.61901,-13.0397,-0.562599,0.127339,0.206626,-2.85993,1598537701.504759552
-5.68227,-13.0411,-0.550075,0.110309,0.174518,-2.84651,1598537701.604305664
-5.79193,-13.0526,-0.590193,0.0894166,0.122048,-2.78552,1598537701.704070400
-5.91446,-13.083,-0.601778,0.098091,0.105444,-2.77743,1598537701.803518208
-5.99418,-13.1289,-0.555551,0.124307,0.123221,-2.74773,1598537701.903376384
-6.10246,-13.1345,-0.543862,0.103863,0.146078,-2.73414,1598537702.003476480
-6.44352,-12.7506,-0.375563,0.053649,0.145476,-2.68304,1598537702.103674112
-6.52772,-12.8116,-0.37697,0.00886148,0.111279,-2.71202,1598537702.204179712
-6.62078,-12.8497,-0.383347,-0.0241597,0.105,-2.73514,1598537702.304676608
-6.71632,-12.9025,-0.313728,-0.0706022,0.113993,-2.75016,1598537702.404742400
-6.7989,-12.9239,-0.347495,-0.0690805,0.132619,-2.74724,1598537702.504436736
-6.91446,-12.9369,-0.368351,0.000671521,0.113125,-2.68118,1598537702.603580672
-6.99651,-12.9499,-0.379813,0.0086377,0.0783785,-2.65266,1598537702.702465792
-7.10168,-12.9929,-0.407398,0.0115334,0.071548,-2.63238,1598537702.802170880
-7.16305,-12.9608,-0.432603,0.0451334,0.0911005,-2.60682,1598537702.901993728
-7.25121,-12.9715,-0.447109,0.0541104,0.072572,-2.56364,1598537703.001725696
-7.34297,-13.0139,-0.416309,0.0183691,0.0612501,-2.63607,1598537703.102285824
-7.46057,-12.9975,-0.444717,0.0236551,0.0359424,-2.69286,1598537703.204187392
-7.52276,-12.9794,-0.422227,0.0114233,0.0477909,-2.73572,1598537703.304775680
-7.65013,-12.9915,-0.436533,0.0275418,0.0893554,-2.73618,1598537703.405322240
-7.73151,-13.0264,-0.453067,0.0239763,0.11052,-2.7509,1598537703.504624896
-7.82564,-13.0113,-0.452589,0.026223,0.130033,-2.78732,1598537703.604696832
-7.94431,-13.0399,-0.454238,0.0506513,0.150537,-2.7754,1598537703.704100352
-8.03874,-13.058,-0.473076,0.0236013,0.156502,-2.79402,1598537703.803268608
-8.15354,-13.0825,-0.492084,-0.0372455,0.150601,-2.84542,1598537703.903266560
-8.31993,-13.084,-0.544879,-0.0391641,0.152091,-2.84349,1598537704.003154176
-8.39619,-13.1273,-0.546183,-0.0425405,0.150877,-2.83208,1598537704.102168320
-8.51816,-13.1396,-0.548458,-0.0616358,0.181022,-2.84337,1598537704.202090496
-8.65286,-13.2012,-0.562531,-0.03118,0.212018,-2.79158,1598537704.301794304
-8.75135,-13.2744,-0.575006,-0.0411349,0.204865,-2.80552,1598537704.401362944
-8.88493,-13.3202,-0.578232,-0.0542298,0.199008,-2.82031,1598537704.502129664
-8.97283,-13.3703,-0.538045,-0.0844913,0.202692,-2.82379,1598537704.602456320
-9.10544,-13.411,-0.616495,-0.0500306,0.220576,-2.79212,1598537704.702997248
-9.19678,-13.4353,-0.639707,0.00456468,0.224892,-2.75804,1598537704.802915072
-9.31982,-13.472,-0.623685,0.00578056,0.219103,-2.76198,1598537704.903193856
-9.43795,-13.4836,-0.627283,0.0036453,0.201203,-2.75588,1598537705.003770112
-9.53595,-13.512,-0.591846,-0.00437336,0.193963,-2.71617,1598537705.103958272
-9.64194,-13.5266,-0.624775,-0.011061,0.189159,-2.71538,1598537705.204228096
-9.76126,-13.5594,-0.6041,0.00893608,0.225552,-2.69955,1598537705.304475136
-9.84897,-13.5826,-0.650684,0.0488483,0.252934,-2.67617,1598537705.404529408
-9.92995,-13.6158,-0.658123,0.0506555,0.232506,-2.70258,1598537705.504548864
-10.0591,-13.6499,-0.682827,0.0442536,0.205549,-2.74454,1598537705.605214464
-10.1152,-13.6729,-0.587817,0.0327326,0.193026,-2.75055,1598537705.705425152
-10.2798,-13.6781,-0.52919,0.01396,0.191534,-2.79047,1598537705.805591808
-10.4294,-13.708,-0.626843,0.0383674,0.200661,-2.76959,1598537705.905298176
-10.5597,-13.7254,-0.617703,0.0646453,0.199278,-2.74344,1598537706.004286720
-10.6519,-13.7593,-0.641873,0.0599091,0.174988,-2.73475,1598537706.103330560
-10.8213,-13.8052,-0.726217,0.0912995,0.156458,-2.68631,1598537706.202824448
-10.91,-13.8413,-0.694132,0.123496,0.166143,-2.63335,1598537706.301979392
-11.0623,-13.8715,-0.578989,0.128373,0.190465,-2.62312,1598537706.401971456
-11.2129,-13.9112,-0.693174,0.141387,0.186668,-2.56915,1598537706.502470144
-11.2592,-13.9829,-0.716748,0.191274,0.154849,-2.47811,1598537706.602056704
-11.4167,-14.0142,-0.712788,0.184105,0.122829,-2.46072,1598537706.702539520
-11.5199,-14.055,-0.748648,0.195197,0.0645207,-2.42529,1598537706.803378432
-11.5778,-14.1049,-0.66967,0.166611,0.0657331,-2.4145,1598537706.904060928
-11.7208,-14.1401,-0.638582,0.165501,0.051504,-2.37426,1598537707.005063424
-11.7971,-14.179,-0.629535,0.18516,0.00868129,-2.328,1598537707.104896768
-11.9507,-14.2038,-0.671865,0.204067,-0.0442705,-2.26716,1598537707.204882432
-12.0441,-14.2282,-0.655788,0.212241,-0.0817704,-2.21158,1598537707.304422400
-12.1421,-14.2617,-0.600034,0.210168,-0.0896495,-2.13779,1598537707.404078592
-12.2824,-14.3173,-0.640285,0.210934,-0.0828057,-2.10319,1598537707.503975936
-12.4043,-14.3591,-0.630124,0.223521,-0.103604,-2.05138,1598537707.603846400
-12.5135,-14.4244,-0.66559,0.247209,-0.147177,-2.02355,1598537707.703697152
-12.5586,-14.462,-0.632908,0.230478,-0.178402,-2.01554,1598537707.803640064
-12.6919,-14.5092,-0.636518,0.218336,-0.210501,-2.0108,1598537707.904354816
-12.7347,-14.5673,-0.613315,0.211159,-0.215498,-2.02363,1598537708.004295424
-12.8576,-14.5835,-0.605626,0.215748,-0.234597,-2.0541,1598537708.104991488
-13.019,-14.6012,-0.593948,0.238836,-0.247596,-2.06091,1598537708.205271552
-13.0573,-14.6515,-0.596216,0.224513,-0.234173,-2.03815,1598537708.304583424
-13.2243,-14.6607,-0.625328,0.203394,-0.2579,-2.02528,1598537708.404174592
-13.3025,-14.6931,-0.55687,0.180112,-0.244273,-2.02584,1598537708.503460096
-13.3982,-14.7316,-0.593528,0.174957,-0.200268,-2.08905,1598537708.603739648
-13.4807,-14.777,-0.633218,0.148413,-0.148777,-2.15275,1598537708.704212480
-13.5657,-14.8154,-0.676845,0.129678,-0.108543,-2.20584,1598537708.804492288
-13.6751,-14.8541,-0.735199,0.101073,-0.0822097,-2.28245,1598537708.904565248
-13.8224,-14.8772,-0.716777,0.0823096,-0.0531082,-2.33361,1598537709.004520448
-13.9049,-14.906,-0.72978,0.048895,-0.00728564,-2.39853,1598537709.104053760
-14.0075,-14.928,-0.789933,0.0252092,0.0255723,-2.46947,1598537709.203916544
-14.1642,-14.9635,-0.856204,0.0396054,0.0489221,-2.51924,1598537709.303887104
-14.2928,-14.9763,-0.851731,0.0399511,0.0640899,-2.58159,1598537709.403480320
-14.4406,-14.9909,-0.853283,0.0362784,0.0915192,-2.62796,1598537709.503322112
-14.5693,-15.0126,-0.941839,0.0372021,0.122709,-2.64054,1598537709.602878720
-14.6576,-15.0318,-0.967918,0.0730242,0.137518,-2.66237,1598537709.702231552
-14.7711,-15.0528,-0.987713,0.0721631,0.176337,-2.70474,1598537709.802203904
-14.8847,-15.0887,-1.02941,0.0880862,0.178798,-2.72111,1598537709.902418944
-15.0066,-15.1324,-1.0556,0.0494568,0.159589,-2.78813,1598537710.002702080
-15.0976,-15.1357,-1.07083,0.0480773,0.109912,-2.81951,1598537710.103721216
-15.2036,-15.1951,-1.04009,0.0140755,0.09425,-2.86981,1598537710.203721728
-15.3797,-15.2059,-1.14878,0.00375758,0.115449,-2.88973,1598537710.304422400
-15.5045,-15.2281,-1.14006,0.0164857,0.0968166,-2.89506,1598537710.404123392
-15.5842,-15.262,-1.17717,-0.0205916,0.0862134,-2.91273,1598537710.503733760
-15.7184,-15.2997,-1.20356,-0.033629,0.0621955,-2.91119,1598537710.603501824
-15.887,-15.324,-1.20183,-0.0338436,0.0518176,-2.88865,1598537710.703072256
-16.017,-15.3693,-1.18284,-0.0242797,0.0693498,-2.8819,1598537710.802564608
-16.0861,-15.4151,-1.22587,-0.0316607,0.0949965,-2.88557,1598537710.902428160
-16.2372,-15.4578,-1.31417,-0.0152035,0.0981477,-2.87323,1598537711.002640128
-16.3493,-15.4952,-1.29678,-0.0115632,0.0869335,-2.88455,1598537711.102785280
-16.4733,-15.5376,-1.26258,-0.0330524,0.0943412,-2.89918,1598537711.203289088
-16.6247,-15.5889,-1.3176,-0.0455862,0.0990394,-2.91213,1598537711.303835392
-16.7141,-15.619,-1.37656,-0.0385192,0.155484,-2.89576,1598537711.403970560
-16.853,-15.6656,-1.41103,-0.0144478,0.1594,-2.87992,1598537711.503948800
-16.9644,-15.7053,-1.46545,-0.014715,0.146028,-2.87779,1598537711.603951872
-17.1789,-15.7185,-1.48666,0.00250812,0.133583,-2.85503,1598537711.704188928
-17.2746,-15.762,-1.4671,-0.00500577,0.118309,-2.82979,1598537711.803796992
-17.4156,-15.8094,-1.48838,0.00888592,0.163007,-2.81122,1598537711.903745280
-17.5001,-15.8393,-1.52942,-0.00360933,0.190429,-2.82484,1598537712.003729664
-17.6348,-15.8818,-1.54925,0.0258855,0.19658,-2.80001,1598537712.104042496
-17.7239,-15.9145,-1.54109,0.0375954,0.178377,-2.80416,1598537712.203897088
-17.8808,-15.9493,-1.43585,0.0447859,0.186361,-2.80799,1598537712.304165376
-17.9658,-16.0115,-1.4532,0.0251547,0.207447,-2.81248,1598537712.404210944
-18.1317,-16.0295,-1.48428,0.0235468,0.219218,-2.81599,1598537712.504551936
-18.2441,-16.0626,-1.49534,0.030257,0.206132,-2.81949,1598537712.604486912
-18.3534,-16.0951,-1.51105,0.0159441,0.186077,-2.83163,1598537712.704631808
-18.579,-16.1249,-1.56577,0.00251723,0.168335,-2.83128,1598537712.804759040
-18.6376,-16.1757,-1.55066,-0.0106316,0.146741,-2.80921,1598537712.904200192
-18.7731,-16.1871,-1.51248,-0.00452747,0.17046,-2.79621,1598537713.004015360
-18.8801,-16.2123,-1.5837,0.00141692,0.184892,-2.78281,1598537713.103740672
-19.0064,-16.2386,-1.65258,0.026051,0.178044,-2.76245,1598537713.203595776
-19.0833,-16.2902,-1.66662,0.0341993,0.161574,-2.77601,1598537713.303491328
-19.1595,-16.3281,-1.59438,0.0314954,0.167123,-2.79283,1598537713.403872256
-19.2989,-16.3603,-1.63697,0.0172576,0.184881,-2.80688,1598537713.504287744
-19.4559,-16.3871,-1.71191,0.0232913,0.201964,-2.80246,1598537713.604371200
-19.5711,-16.395,-1.76723,0.0381889,0.175928,-2.80891,1598537713.704225792
-19.6634,-16.4544,-1.75007,0.0273119,0.158705,-2.81771,1598537713.804227584
-19.7947,-16.4341,-1.72327,0.0232832,0.150604,-2.81737,1598537713.904446976
-19.9137,-16.4828,-1.67325,0.0282712,0.148565,-2.78201,1598537714.004014336
-19.9324,-16.539,-1.68527,0.0113686,0.147449,-2.78729,1598537714.103576320
-20.0855,-16.563,-1.68945,0.0218337,0.178401,-2.78536,1598537714.204027904
-20.1895,-16.6023,-1.72685,0.0521509,0.181373,-2.77873,1598537714.303717376
-20.3133,-16.6391,-1.75233,0.0621914,0.181937,-2.80098,1598537714.403722240
-20.5039,-16.6659,-1.74623,0.0710673,0.194411,-2.79318,1598537714.503946752
-20.5995,-16.6909,-1.71056,0.0590662,0.221823,-2.76895,1598537714.603533568
-20.7389,-16.7372,-1.76487,0.0717793,0.250832,-2.76059,1598537714.703465216
-20.817,-16.756,-1.75508,0.080747,0.261219,-2.76003,1598537714.803332352
-20.9199,-16.7946,-1.75682,0.0622153,0.251639,-2.78406,1598537714.903677952
-21.0615,-16.8117,-1.77459,0.0368484,0.231867,-2.79309,1598537715.004181248
-21.3037,-16.855,-1.86468,0.03398,0.215895,-2.76778,1598537715.104244992
-21.2994,-16.8538,-1.83279,0.0600945,0.219089,-2.7367,1598537715.203294464
-21.3994,-16.8914,-1.80157,0.0415045,0.222391,-2.75295,1598537715.303394560
-21.58,-16.9474,-1.87545,0.0467197,0.21395,-2.74171,1598537715.403894016
-21.6701,-16.9604,-1.85248,0.0431944,0.191455,-2.75326,1598537715.503872512
-21.7816,-16.9716,-1.82325,0.0435795,0.192767,-2.76135,1598537715.604144896
-21.8452,-16.9917,-1.7722,0.00847248,0.211774,-2.80549,1598537715.704260096
-21.9372,-17.0073,-1.79915,-0.00825056,0.21458,-2.8591,1598537715.804754176
-22.0395,-17.0196,-1.84535,0.0287197,0.236177,-2.85881,1598537715.904882176
-22.1371,-17.0351,-1.86596,0.0368448,0.236009,-2.87867,1598537716.004413440
-22.2084,-17.0304,-1.90721,0.0557897,0.216252,-2.86846,1598537716.104048384
-22.3007,-17.0701,-1.90078,0.0820536,0.194733,-2.82691,1598537716.203085568
-22.4537,-17.1072,-1.89708,0.0779488,0.195271,-2.82697,1598537716.302550272
-22.5836,-17.1529,-1.89873,0.0713517,0.232282,-2.82585,1598537716.402580224
-22.7327,-17.1876,-1.94542,0.0674351,0.234157,-2.82235,1598537716.502992384
-22.8252,-17.2233,-1.97006,0.0596435,0.214884,-2.83368,1598537716.603383808
-22.9227,-17.2586,-2.01275,0.0690786,0.204355,-2.85424,1598537716.703979520
-23.0205,-17.328,-1.98822,0.0466277,0.231605,-2.86933,1598537716.804411648
-23.1403,-17.3227,-2.00317,0.0404275,0.255387,-2.88479,1598537716.904951808
-23.2409,-17.3724,-2.06942,0.05529,0.251337,-2.88029,1598537717.004754176
-23.342,-17.3861,-2.01837,0.0494466,0.241025,-2.88451,1598537717.104478720
-23.5026,-17.3977,-2.03538,0.0435067,0.232071,-2.86755,1598537717.204159488
-23.6707,-17.4225,-2.04889,0.0386188,0.223451,-2.81402,1598537717.303457536
-23.6797,-17.4223,-2.02878,0.0372604,0.197967,-2.77744,1598537717.402441472
-23.7996,-17.4629,-2.07971,0.0106212,0.244159,-2.77347,1598537717.502645248
-23.9068,-17.5023,-2.13027,0.0283866,0.215924,-2.74181,1598537717.602780672
-24.0142,-17.5665,-2.10582,0.0363266,0.20153,-2.75153,1598537717.702679296
-24.1424,-17.5861,-2.10786,0.0615655,0.203335,-2.7626,1598537717.803264000
-24.2359,-17.625,-2.12425,0.0579727,0.241561,-2.76831,1598537717.903427072
-24.3687,-17.639,-2.18188,0.0441682,0.250219,-2.79003,1598537718.003951360
-24.486,-17.6838,-2.20996,0.0181934,0.207635,-2.8244,1598537718.104255488
-24.5577,-17.7162,-2.2055,0.00208555,0.168074,-2.83849,1598537718.204758272
-24.6487,-17.7201,-2.24403,-8.90481e-05,0.129225,-2.83492,1598537718.304901120
-24.7744,-17.7166,-2.25356,0.0069781,0.0966592,-2.80259,1598537718.404619520
-24.8797,-17.8045,-2.20908,0.0136636,0.0899786,-2.79323,1598537718.503851520
-24.978,-17.8382,-2.1873,-4.28488e-05,0.123755,-2.79699,1598537718.603863040
-25.0853,-17.873,-2.27405,0.0158687,0.122199,-2.77043,1598537718.703898368
-25.2023,-17.9386,-2.26832,0.0199504,0.107447,-2.78566,1598537718.803763712
-25.3289,-17.9731,-2.29666,0.0266804,0.114382,-2.80078,1598537718.904519680
-25.4259,-18.0555,-2.34593,0.0232307,0.14645,-2.81611,1598537719.004836864
-25.556,-18.0813,-2.35515,0.0334478,0.187875,-2.82934,1598537719.105338624
-25.6653,-18.1064,-2.38539,0.0689802,0.190194,-2.82965,1598537719.205334016
-25.7692,-18.1354,-2.34931,0.0755606,0.176622,-2.84265,1598537719.304975104
-25.8964,-18.1549,-2.36076,0.0684925,0.160779,-2.8419,1598537719.404974336
-26.0566,-18.1988,-2.39329,0.0789615,0.167896,-2.80274,1598537719.504454912
-26.1874,-18.2613,-2.31081,0.075353,0.166342,-2.80782,1598537719.603684864
-26.3181,-18.3071,-2.36954,0.0643652,0.189902,-2.79968,1598537719.703721984
-26.4291,-18.3402,-2.39764,0.0875343,0.155086,-2.79306,1598537719.803569664
-26.5461,-18.4058,-2.35538,0.109845,0.157202,-2.79233,1598537719.903684352
-26.6318,-18.4579,-2.34128,0.125139,0.165814,-2.81325,1598537720.004115712
-26.7705,-18.4969,-2.33696,0.112699,0.196814,-2.83823,1598537720.104944896
-26.8789,-18.5307,-2.35328,0.11869,0.236462,-2.85256,1598537720.205431552
-27.003,-18.5574,-2.408,0.133534,0.24116,-2.86062,1598537720.305629952
-27.0975,-18.5995,-2.44142,0.129266,0.230485,-2.87962,1598537720.405489664
-27.2339,-18.6434,-2.45705,0.113076,0.209128,-2.87475,1598537720.505339136
-27.4539,-18.7045,-2.47109,0.10251,0.183829,-2.8381,1598537720.604629760
-27.467,-18.7591,-2.38918,0.0835169,0.172605,-2.84308,1598537720.703668736
-27.6872,-18.8167,-2.4641,0.0740458,0.198425,-2.81735,1598537720.803814912
-27.7732,-18.8665,-2.52856,0.0857671,0.182568,-2.7978,1598537720.903415296
-27.7737,-18.9165,-2.47555,0.0908522,0.161453,-2.80808,1598537721.003481856
-27.8562,-18.9604,-2.42225,0.0975829,0.148075,-2.82927,1598537721.104268032
-27.9362,-18.9963,-2.42306,0.0607553,0.168796,-2.86905,1598537721.205017856
-28.0661,-19.0314,-2.45216,0.0267148,0.199119,-2.91221,1598537721.305716992
-28.2193,-19.044,-2.66412,0.0373865,0.210482,-2.91837,1598537721.406032384
-28.2798,-19.0529,-2.85078,0.0587352,0.218551,-2.90774,1598537721.505552384
-28.4726,-19.0458,-2.83989,0.0725361,0.231371,-2.88456,1598537721.604918528
-28.5048,-19.1121,-2.8878,0.070897,0.217114,-2.82082,1598537721.703829760
-28.4438,-19.171,-2.65421,0.0453259,0.223976,-2.83854,1598537721.803068416
-28.5897,-19.2197,-2.779,0.0416557,0.272664,-2.83353,1598537721.903484672
-28.6985,-19.2571,-2.86723,0.0663612,0.257063,-2.81333,1598537722.003414784
-28.7746,-19.3123,-2.85303,0.0617092,0.233889,-2.84755,1598537722.103462912
-28.8806,-19.3432,-2.86263,0.07633,0.230075,-2.84829,1598537722.204169984
-29.0032,-19.3982,-2.79599,0.0627299,0.26054,-2.86504,1598537722.304273152
-29.1518,-19.3744,-2.90855,0.0807317,0.29951,-2.85095,1598537722.404491264
-29.1921,-19.4688,-2.85661,0.0999014,0.282698,-2.82289,1598537722.504012288
-29.3555,-19.4454,-2.89781,0.091254,0.269728,-2.82366,1598537722.604092416
-29.5546,-19.4513,-2.97092,0.138588,0.250628,-2.75717,1598537722.703839488
-29.6415,-19.5345,-2.95774,0.162512,0.237324,-2.69622,1598537722.802980864
-29.7661,-19.5938,-2.95463,0.165439,0.251544,-2.66671,1598537722.902819840
-29.9063,-19.6765,-2.9807,0.145903,0.269635,-2.60648,1598537723.003017472
-30.0258,-19.7656,-2.99536,0.168404,0.246883,-2.49987,1598537723.102773760
-30.163,-19.8567,-3.01966,0.169196,0.236428,-2.40903,1598537723.202737664
-30.3283,-19.9342,-3.02917,0.174994,0.207702,-2.32478,1598537723.302989824
-30.3459,-20.0064,-3.0701,0.195195,0.187426,-2.22268,1598537723.403363328
-30.4454,-20.0821,-3.07241,0.222021,0.153018,-2.15256,1598537723.504086016
-30.5814,-20.1644,-3.05495,0.237662,0.110369,-2.09912,1598537723.605099776
-30.6846,-20.2366,-3.05882,0.246876,0.0627294,-2.04243,1598537723.705773312
-30.8548,-20.2972,-3.06027,0.252118,0.0400793,-1.9855,1598537723.806061312
-30.9046,-20.3878,-3.14734,0.274515,0.00697123,-1.89036,1598537723.905924096
-31.0013,-20.2888,-3.07566,0.292322,1.69234e-05,-1.8963,1598537724.005749760
-31.1272,-20.3676,-3.08808,0.300425,-0.00901622,-1.89997,1598537724.106375680
-31.2144,-20.36,-3.07383,0.319239,-0.0420237,-1.93752,1598537724.206467072
-31.3403,-20.424,-3.05684,0.34655,-0.0661472,-1.98594,1598537724.306773504
-31.5148,-20.4942,-2.99614,0.353958,-0.0977688,-2.01906,1598537724.406495232
-31.5981,-20.5404,-3.02163,0.350499,-0.0721887,-2.06211,1598537724.505829120
-31.6465,-20.4897,-2.94243,0.33645,-0.0647223,-2.10723,1598537724.605234688
-31.7902,-20.5775,-2.94936,0.3065,-0.0460266,-2.15883,1598537724.705037312
-31.9007,-20.5989,-2.94905,0.27567,-0.0271484,-2.20062,1598537724.804440320
-32.0583,-20.6233,-2.95176,0.234647,-0.0104679,-2.23728,1598537724.903800576
-32.028,-20.5974,-2.97401,0.204048,0.0114854,-2.27294,1598537725.003133184
-32.1839,-20.6373,-2.95048,0.176143,0.0494524,-2.34968,1598537725.103364352
-32.3049,-20.6795,-2.96751,0.138792,0.0733853,-2.39759,1598537725.203510272
-32.3864,-20.7068,-3.02944,0.0887444,0.088341,-2.46843,1598537725.303491840
-32.5312,-20.7562,-3.13824,0.0856309,0.0991392,-2.50761,1598537725.403727872
-32.6438,-20.7903,-3.08261,0.073425,0.134547,-2.5692,1598537725.503586560
-32.7295,-20.7911,-3.0974,0.0505989,0.18464,-2.62651,1598537725.603810560
-32.7763,-20.8033,-3.25307,0.0627801,0.221338,-2.63925,1598537725.703684352
-32.9036,-20.8352,-3.28987,0.0699299,0.237624,-2.67219,1598537725.803441664
-33.0213,-20.8536,-3.3227,0.0394391,0.237295,-2.71591,1598537725.903368192
-33.2036,-20.8446,-3.42444,0.0361629,0.238706,-2.71214,1598537726.003424512
-33.367,-20.8705,-3.482,0.0586733,0.228243,-2.67852,1598537726.102808832
-33.4667,-20.9235,-3.52834,0.0496827,0.274635,-2.69856,1598537726.202286592
-33.5497,-20.9305,-3.56516,0.0584247,0.28913,-2.70166,1598537726.303255040
-33.6155,-20.9656,-3.61188,0.0749453,0.278681,-2.71131,1598537726.403462400
-33.6762,-20.9873,-3.63367,0.0475716,0.249947,-2.77895,1598537726.504207616
-33.8381,-20.9909,-3.62682,0.0505083,0.25707,-2.7979,1598537726.605384192
-33.9245,-21.0215,-3.67325,0.0450908,0.296148,-2.82694,1598537726.705338624
-34.0655,-21.0321,-3.81906,0.0318451,0.307971,-2.85225,1598537726.805447168
-34.1587,-21.0665,-3.86286,0.0348881,0.289574,-2.82993,1598537726.905012736
-34.2817,-21.088,-3.8354,0.0154403,0.267666,-2.82439,1598537727.004432128
-34.4118,-21.1227,-3.94038,0.0407533,0.256488,-2.77335,1598537727.103858176
-34.4374,-21.1229,-3.9071,0.0557058,0.235503,-2.76185,1598537727.203070720
-34.5547,-21.1757,-3.94484,0.0585093,0.290148,-2.74488,1598537727.303402752
-34.6744,-21.179,-4.06842,0.0661822,0.278003,-2.74465,1598537727.403545344
-34.7647,-21.23,-4.08435,0.104592,0.266832,-2.71395,1598537727.503635456
-34.8466,-21.2657,-4.13408,0.123874,0.254012,-2.70281,1598537727.603717632
-34.9648,-21.3346,-4.1728,0.10097,0.289734,-2.70193,1598537727.704072960
-35.0466,-21.3432,-4.17837,0.0895281,0.311694,-2.69703,1598537727.804565760
-35.1278,-21.3947,-4.2143,0.0875325,0.298463,-2.68042,1598537727.904732928
-35.1766,-21.4154,-4.26186,0.054601,0.270307,-2.6844,1598537728.004908288
-35.3794,-21.4355,-4.27942,0.0477492,0.270036,-2.66798,1598537728.105250304
-35.5199,-21.5196,-4.31818,0.0319804,0.216988,-2.63068,1598537728.204636160
-35.7009,-21.5372,-4.27808,0.0512704,0.20994,-2.61808,1598537728.304380672
-35.6799,-21.587,-4.28444,0.060959,0.24868,-2.57847,1598537728.403956992
-35.8325,-21.6563,-4.32681,0.0565803,0.230422,-2.57101,1598537728.504090112
-35.9731,-21.7272,-4.30755,0.0618061,0.221637,-2.57921,1598537728.604083968
-36.0689,-21.7705,-4.2291,0.0674311,0.199192,-2.59281,1598537728.704244736
-36.1782,-21.8284,-4.07252,0.0564729,0.222837,-2.58096,1598537728.804431616
-36.3522,-21.8872,-4.14194,0.0506827,0.247779,-2.5764,1598537728.904412160
-36.4419,-21.9318,-4.21264,0.0628762,0.243835,-2.57458,1598537729.004152576
-36.5146,-21.9645,-4.20374,0.0670997,0.218765,-2.57458,1598537729.104032000
-36.7469,-22.034,-4.26539,0.0789883,0.210476,-2.5433,1598537729.203924992
-36.8437,-22.1002,-4.29767,0.0753756,0.195283,-2.51152,1598537729.303142656
-36.9383,-22.129,-4.23395,0.0720665,0.21529,-2.51284,1598537729.403080960
-37.1236,-22.1791,-4.39387,0.0594701,0.247684,-2.49957,1598537729.503425280
-37.1986,-22.2299,-4.42869,0.0721289,0.230215,-2.4736,1598537729.603338752
-37.3162,-22.2937,-4.48735,0.0971535,0.221095,-2.45847,1598537729.703491328
-37.4485,-22.349,-4.50111,0.11237,0.238269,-2.42256,1598537729.803684096
-37.4967,-22.4213,-4.60493,0.115535,0.259078,-2.36357,1598537729.903480320
-37.5903,-22.4869,-4.64355,0.151148,0.278988,-2.29247,1598537730.003416320
-37.6845,-22.5584,-4.73965,0.168399,0.253745,-2.25741,1598537730.103418112
-37.836,-22.6272,-4.76404,0.169695,0.207803,-2.23998,1598537730.203810304
-38.0202,-22.6949,-4.80856,0.183051,0.166705,-2.1842,1598537730.304228096
-38.0768,-22.7961,-4.75822,0.186714,0.126187,-2.10131,1598537730.403942912
-38.1988,-22.8827,-4.81591,0.224918,0.119398,-2.04065,1598537730.503963648
-38.2825,-22.9532,-4.76271,0.208331,0.10751,-1.99747,1598537730.603962368
-38.3786,-23.0279,-4.77804,0.200024,0.0672789,-1.94619,1598537730.704295680
-38.446,-23.1081,-4.79163,0.20554,0.0348004,-1.9388,1598537730.804671232
-38.6079,-23.2007,-4.79146,0.250936,0.0107993,-1.8977,1598537730.905086976
-38.622,-23.2561,-4.75783,0.2588,0.0331788,-1.88571,1598537731.004860416
-38.7001,-23.3132,-4.78519,0.303123,0.0200727,-1.90452,1598537731.105444864
-38.7728,-23.3291,-4.66693,0.300942,-0.00291149,-1.9471,1598537731.205914112
-38.8757,-23.3992,-4.72685,0.279103,-0.00819691,-1.99647,1598537731.306531072
-38.97,-23.433,-4.73947,0.255393,0.00169844,-2.05276,1598537731.406673152
-38.9952,-23.4712,-4.69318,0.20453,0.0325606,-2.10561,1598537731.506531072
-39.1503,-23.5485,-4.7606,0.167589,0.0848982,-2.19095,1598537731.606785024
-39.2624,-23.6398,-4.7958,0.144813,0.112684,-2.23712,1598537731.706347776
-39.378,-23.6604,-4.79585,0.105338,0.118428,-2.31784,1598537731.805573632
-39.4978,-23.7014,-4.80946,0.0992955,0.11887,-2.37853,1598537731.904967168
-39.5702,-23.7579,-4.76437,0.0636294,0.141558,-2.44526,1598537732.004157696
-39.6681,-23.8263,-4.7991,0.0514662,0.192257,-2.50367,1598537732.103684352
-39.7745,-23.8738,-4.93813,0.0500767,0.242741,-2.54358,1598537732.203177216
-39.9174,-23.9332,-4.94354,0.0494726,0.251836,-2.59425,1598537732.302747904
-39.9832,-23.9676,-4.96292,0.0164056,0.251721,-2.64579,1598537732.402373120
-40.1016,-24.0289,-5.06833,0.0239007,0.247315,-2.65488,1598537732.502347264
-40.1913,-24.0759,-5.08874,0.0392618,0.226486,-2.67958,1598537732.602144000
-40.2814,-24.1475,-5.05281,0.0295428,0.269818,-2.71174,1598537732.702436608
-40.4387,-24.2306,-5.09586,0.00406897,0.264018,-2.72586,1598537732.803019008
-40.4707,-24.2752,-5.06724,-0.00538238,0.245765,-2.7502,1598537732.903027712
-40.5898,-24.3033,-5.11302,-0.00396485,0.21554,-2.77495,1598537733.003715584
-40.6938,-24.3682,-5.12001,-0.00311439,0.215575,-2.78518,1598537733.103915008
-40.7653,-24.4254,-5.15574,-0.0226824,0.249017,-2.82687,1598537733.204301568
-40.8957,-24.5081,-5.24921,-0.0268689,0.288464,-2.82805,1598537733.304686336
-41.0003,-24.5639,-5.25632,-0.0198835,0.270833,-2.83,1598537733.404520960
-41.2131,-24.5906,-5.32576,0.0103716,0.253193,-2.81598,1598537733.504537088
-41.3403,-24.6653,-5.28652,0.0610575,0.250433,-2.74849,1598537733.603852800
-41.4277,-24.7148,-5.24364,0.0645409,0.246106,-2.74743,1598537733.703544064
-41.5478,-24.7757,-5.27855,0.0621613,0.282261,-2.72273,1598537733.803916288
-41.6588,-24.8193,-5.35485,0.0724004,0.275174,-2.71157,1598537733.904039936
-41.7286,-24.8946,-5.37792,0.0820751,0.269192,-2.7135,1598537734.004221696
-41.9142,-24.9581,-5.36823,0.0894539,0.263378,-2.72484,1598537734.104870912
-41.9671,-24.9929,-5.27554,0.0609039,0.226087,-2.72969,1598537734.204836864
-42.1477,-25.0261,-5.35958,0.0179193,0.243223,-2.76864,1598537734.305551616
-42.3105,-25.0885,-5.42071,0.0381746,0.238354,-2.76114,1598537734.405741056
-42.4561,-25.1254,-5.42436,0.0304553,0.238456,-2.77827,1598537734.505637888
-42.6134,-25.1873,-5.44554,0.037348,0.229475,-2.75712,1598537734.605401344
-42.666,-25.2533,-5.44939,0.0161793,0.20388,-2.74449,1598537734.704720384
-42.8204,-25.329,-5.46282,0.00386628,0.221252,-2.75745,1598537734.804588800
-42.9792,-25.4333,-5.62445,0.00560454,0.25427,-2.73185,1598537734.904412928
-43.0548,-25.4689,-5.65162,0.0444419,0.235261,-2.71024,1598537735.003971328
-43.1028,-25.5249,-5.67394,0.0377117,0.227702,-2.7262,1598537735.104142592
-43.3426,-25.6215,-5.64237,0.0408926,0.235524,-2.7283,1598537735.204948224
-43.4291,-25.6762,-5.66047,0.0495404,0.267422,-2.72863,1598537735.304794112
-43.5093,-25.7331,-5.71967,0.0616596,0.281082,-2.72278,1598537735.405063424
-43.6409,-25.7918,-5.75817,0.0611273,0.25663,-2.72474,1598537735.505314304
-43.7924,-25.8473,-5.77128,0.0707097,0.249248,-2.68657,1598537735.605323264
-44.0003,-25.9537,-5.78494,0.0690534,0.242395,-2.63937,1598537735.704885504
-43.963,-25.9347,-5.72917,0.0531402,0.233132,-2.59247,1598537735.804174336
-44.1125,-26.0251,-5.72036,0.021717,0.261171,-2.57029,1598537735.904566528
-44.2889,-26.1256,-5.79134,0.0299676,0.24855,-2.53032,1598537736.004851456
-44.3502,-26.1822,-5.801,0.0522747,0.227304,-2.51167,1598537736.104765952
-44.459,-26.2427,-5.80321,0.0574427,0.203401,-2.51296,1598537736.205219328
-44.5209,-26.3161,-5.79053,0.0357422,0.197896,-2.53198,1598537736.305658624
-44.7048,-26.4221,-5.793,0.0778008,0.239871,-2.50905,1598537736.406037760
-44.7459,-26.4785,-5.82874,0.10697,0.267291,-2.47794,1598537736.505441792
-44.8618,-26.5241,-5.88817,0.0936691,0.243427,-2.4975,1598537736.605395456
-44.9861,-26.5703,-5.88326,0.100673,0.220843,-2.48514,1598537736.705426432
-45.1059,-26.6309,-5.91582,0.101231,0.201414,-2.46514,1598537736.805225472
-45.1669,-26.685,-5.90096,0.125804,0.201803,-2.45016,1598537736.904943360
-45.2637,-26.7539,-5.91987,0.0928226,0.238772,-2.46898,1598537737.005318400
-45.379,-26.8238,-5.94797,0.0716611,0.236476,-2.48266,1598537737.105872384
-45.4699,-26.8728,-5.98458,0.0660603,0.224342,-2.49969,1598537737.205992192
-45.6031,-26.9132,-5.97118,0.0763517,0.202059,-2.52659,1598537737.306390016
-45.6612,-26.9325,-5.94056,0.0520183,0.196814,-2.55016,1598537737.406177792
-45.8059,-26.9944,-5.95247,0.053002,0.244341,-2.55664,1598537737.506257152
-45.9028,-27.0401,-5.9931,0.0499785,0.246548,-2.57739,1598537737.605635072
-46.0135,-27.0852,-6.04293,0.0329196,0.231622,-2.6031,1598537737.705251328
-46.162,-27.1361,-6.07668,0.0470894,0.220106,-2.58102,1598537737.804764416
-46.3069,-27.166,-6.05371,0.0613655,0.201569,-2.53272,1598537737.903638528
-46.3978,-27.2334,-6.04577,0.0805955,0.216171,-2.52626,1598537738.002929152
-46.4924,-27.3039,-6.08897,0.0722685,0.254993,-2.50741,1598537738.102956800
-46.6041,-27.358,-6.13839,0.0842668,0.244616,-2.48573,1598537738.203206400
-46.6958,-27.4309,-6.15088,0.0952164,0.239126,-2.4838,1598537738.303426048
-46.8182,-27.5145,-6.16353,0.111892,0.216992,-2.48678,1598537738.403982848
-46.9376,-27.5835,-6.1337,0.0978649,0.250489,-2.49591,1598537738.504324096
-47.1045,-27.6665,-6.22564,0.110337,0.303054,-2.50631,1598537738.604928000
-47.1599,-27.7289,-6.27437,0.131869,0.270787,-2.50908,1598537738.704909312
-47.2883,-27.7742,-6.28481,0.111092,0.245815,-2.54398,1598537738.805163008
-47.4211,-27.8336,-6.33075,0.107698,0.230773,-2.50919,1598537738.905223680
-47.497,-27.9237,-6.31879,0.0742374,0.18789,-2.50245,1598537739.004523008
-47.6732,-27.9751,-6.31513,0.0795891,0.226842,-2.49738,1598537739.104368896
-47.6615,-28.0221,-6.50824,0.101538,0.247574,-2.45068,1598537739.203947520
-47.7672,-28.0869,-6.48919,0.134396,0.224069,-2.43218,1598537739.303800320
-47.8626,-28.1756,-6.54641,0.135259,0.213923,-2.46165,1598537739.403971584
-47.9221,-28.2464,-6.49863,0.129977,0.177408,-2.47776,1598537739.504579328
-48.1117,-28.3133,-6.4212,0.101148,0.223758,-2.51359,1598537739.605307904
-48.2258,-28.3975,-6.58777,0.0930889,0.255033,-2.51835,1598537739.705689600
-48.3116,-28.4809,-6.61151,0.0972966,0.241459,-2.51761,1598537739.805571072
-48.4722,-28.5595,-6.62948,0.0774081,0.242119,-2.52527,1598537739.905567488
-48.5954,-28.5921,-6.69937,0.081716,0.229248,-2.48037,1598537740.005219584
-48.5594,-28.6898,-6.6408,0.107809,0.207429,-2.43006,1598537740.104221184
-48.713,-28.7421,-6.65094,0.0748523,0.259064,-2.44472,1598537740.204182784
-48.8581,-28.7979,-6.79362,0.0947154,0.283312,-2.41469,1598537740.304493056
-48.9143,-28.8812,-6.86035,0.125199,0.263412,-2.4145,1598537740.404325632
-48.9619,-28.9387,-6.88572,0.142016,0.250748,-2.45001,1598537740.504722432
-48.9989,-28.9805,-6.65612,0.114009,0.255277,-2.4971,1598537740.605396992
-49.1736,-29.0012,-6.79122,0.111443,0.276535,-2.54483,1598537740.706373376
-49.2477,-29.0499,-6.89068,0.111623,0.277672,-2.59956,1598537740.806582784
-49.3282,-29.0966,-6.93888,0.12432,0.261759,-2.66994,1598537740.906753792
-49.4962,-29.1136,-6.951,0.149522,0.245792,-2.75153,1598537741.006868480
-49.6366,-29.1268,-6.97142,0.157891,0.265255,-2.80731,1598537741.106564864
-49.584,-29.1649,-6.92268,0.144782,0.268833,-2.88132,1598537741.205806336
-49.7752,-29.1676,-6.9204,0.11326,0.317989,-2.9557,1598537741.305735936
-49.9223,-29.1558,-7.06239,0.0976384,0.325903,-3.01942,1598537741.405200896
-49.9592,-29.2151,-7.06632,0.100637,0.295236,-3.08316,1598537741.504262912
-50.1222,-29.2097,-7.13254,0.0945205,0.280302,3.11619,1598537741.604101376
-50.27,-29.2011,-7.08651,0.115067,0.286618,3.07293,1598537741.703654912
-50.4695,-29.1114,-7.14956,0.0535845,0.306921,2.97486,1598537741.803879424
-50.4947,-29.1766,-7.19318,0.0454288,0.330176,2.95211,1598537741.903653376
-50.7258,-29.0795,-7.21015,0.0031984,0.325345,2.91225,1598537742.003663872
-50.7744,-29.0469,-7.29486,-0.0248507,0.310419,2.88541,1598537742.103343616
-50.8581,-29.0324,-7.32475,-0.0101223,0.28387,2.87112,1598537742.203287552
-50.9569,-29.0088,-7.33487,0.0409742,0.220478,2.84563,1598537742.303603968
-51.1254,-28.9418,-7.30351,0.0216391,0.240908,2.79558,1598537742.404329728
-51.2452,-28.9252,-7.33109,0.0115187,0.2519,2.76599,1598537742.504773376
-51.3097,-28.9006,-7.2668,-0.00239282,0.230628,2.70981,1598537742.605188352
-51.4002,-28.8564,-7.31706,-0.00800346,0.19659,2.63521,1598537742.705911552
-51.4512,-28.8184,-7.27356,-0.0444049,0.216145,2.5983,1598537742.806277888
-51.6371,-28.7551,-7.42128,-0.0850038,0.224466,2.53511,1598537742.906427136
-51.6933,-28.7065,-7.43969,-0.0829818,0.219747,2.50506,1598537743.005965056
-51.8026,-28.6336,-7.50286,-0.0815515,0.201217,2.47632,1598537743.105508864
-51.8665,-28.5802,-7.50964,-0.0774301,0.177602,2.4606,1598537743.204904448
-51.9581,-28.5346,-7.53915,-0.0723455,0.169092,2.4549,1598537743.304331264
-52.0045,-28.4699,-7.50506,-0.0602867,0.173454,2.43723,1598537743.404014592
-52.076,-28.4038,-7.52017,-0.0444561,0.192661,2.41737,1598537743.503876352
-52.1324,-28.3456,-7.57769,-0.0623912,0.179714,2.38179,1598537743.603900928
-52.2057,-28.2787,-7.61765,-0.0805825,0.148382,2.35001,1598537743.704385024
-52.235,-28.1934,-7.65408,-0.109097,0.119262,2.30065,1598537743.804862208
-52.3023,-28.1232,-7.69761,-0.13056,0.0891977,2.29084,1598537743.905228544
-52.437,-27.9998,-7.76942,-0.13393,0.0908295,2.24417,1598537744.005540096
-52.4877,-27.9254,-7.79234,-0.161357,0.10174,2.1848,1598537744.105527296
-52.6264,-27.7654,-7.8536,-0.16077,0.108947,2.15701,1598537744.205634816
-52.682,-27.642,-7.91176,-0.159461,0.1121,2.13701,1598537744.305221376
-52.7533,-27.5459,-7.91467,-0.163484,0.0976946,2.12711,1598537744.404722176
-52.8208,-27.4549,-7.98369,-0.161411,0.101726,2.10917,1598537744.504450048
-52.8536,-27.387,-8.05786,-0.176441,0.122298,2.09538,1598537744.604303104
-52.9731,-27.2097,-8.14533,-0.169064,0.114458,2.0968,1598537744.704397568
-52.9658,-27.1857,-8.06407,-0.169696,0.115956,2.08615,1598537744.804132096
-53.0194,-27.1247,-8.01478,-0.18919,0.0971375,2.05436,1598537744.904669184
-53.1485,-26.9978,-8.0874,-0.22641,0.0799146,2.02299,1598537745.005335040
-53.282,-26.8473,-8.18676,-0.20842,0.118472,2.02908,1598537745.105338112
-53.3488,-26.7451,-8.19989,-0.21479,0.110838,1.99948,1598537745.205102336
-53.4397,-26.6444,-8.2738,-0.207994,0.10448,1.99909,1598537745.305116672
-53.5769,-26.4586,-8.38797,-0.191029,0.105832,2.00686,1598537745.404819456
-53.6462,-26.3699,-8.39937,-0.152397,0.0880406,2.04042,1598537745.504155648
-53.7578,-26.2426,-8.36372,-0.163536,0.104337,2.02388,1598537745.603916032
-53.7857,-26.1647,-8.37834,-0.194995,0.110895,2.03236,1598537745.704232448
-53.8725,-26.0587,-8.42952,-0.193756,0.123315,2.06857,1598537745.804169728
-53.8532,-26.0413,-8.44941,-0.196468,0.10907,2.06454,1598537745.904256256
-53.945,-25.9228,-8.55276,-0.175131,0.0935215,2.04941,1598537746.004968448
-54.0292,-25.8475,-8.56006,-0.185338,0.123293,2.03501,1598537746.105285376
-54.0845,-25.7574,-8.58893,-0.190686,0.146517,2.03384,1598537746.205513984
-54.1298,-25.6921,-8.60506,-0.188938,0.125417,2.01626,1598537746.305409792
-54.2695,-25.5452,-8.64426,-0.196426,0.10886,2.00761,1598537746.405572096
-54.4152,-25.3994,-8.69917,-0.189686,0.0956042,2.03658,1598537746.505169152
-54.501,-25.3416,-8.71154,-0.197161,0.0492794,2.04177,1598537746.604296960
-54.5924,-25.2167,-8.69129,-0.179467,0.0707475,2.04497,1598537746.704407040
-54.6668,-25.125,-8.7295,-0.183372,0.101,2.04784,1598537746.803930368
-54.7383,-25.032,-8.79819,-0.175164,0.0896166,2.05517,1598537746.903822592
-54.79,-24.9335,-8.79371,-0.177221,0.0681485,2.03534,1598537747.003940864
-54.8784,-24.7748,-8.79032,-0.18699,0.0837503,2.01632,1598537747.104324352
-54.946,-24.6346,-8.8396,-0.197398,0.118908,2.01135,1598537747.204176896
-54.9688,-24.5645,-8.91607,-0.202569,0.137135,2.01362,1598537747.303922176
-55.0525,-24.4628,-8.94137,-0.202713,0.124722,2.01613,1598537747.403986688
-55.1311,-24.3231,-8.97449,-0.222445,0.116579,2.00541,1598537747.504190208
-55.3131,-24.1058,-8.98844,-0.217572,0.107736,2.05183,1598537747.604179200
-55.1937,-24.1404,-9.03209,-0.211556,0.0886513,2.06318,1598537747.703693568
-55.2872,-23.9916,-9.04177,-0.198396,0.0973453,2.05442,1598537747.804373248
-55.3616,-23.8858,-9.04304,-0.201697,0.117015,2.06458,1598537747.904361984
-55.4067,-23.8265,-8.9959,-0.221434,0.0990134,2.05522,1598537748.004578048
-55.48,-23.7495,-8.99095,-0.22707,0.0571009,2.02682,1598537748.105254656
-55.5666,-23.6259,-9.016,-0.241313,0.054467,2.02816,1598537748.205523456
-55.712,-23.4231,-9.02785,-0.245422,0.10229,2.01315,1598537748.305422592
-55.7519,-23.3801,-9.03242,-0.239723,0.106678,2.02966,1598537748.404793088
-55.8425,-23.2412,-9.06903,-0.238403,0.0929805,2.02846,1598537748.504776960
-55.9419,-23.0603,-9.06588,-0.230449,0.0819563,2.05771,1598537748.604532736
-55.9826,-23.0045,-9.0941,-0.2249,0.0752895,2.08267,1598537748.704018432
-56.069,-22.9154,-9.03406,-0.218106,0.0780963,2.07996,1598537748.804122624
-56.121,-22.7782,-9.03471,-0.236132,0.117249,2.05414,1598537748.904556288
-56.173,-22.7199,-9.06319,-0.235643,0.115089,2.0638,1598537749.004864256
-56.2266,-22.6237,-9.1144,-0.244215,0.10003,2.03835,1598537749.105225984
-56.254,-22.4974,-9.15236,-0.23172,0.0678585,2.02814,1598537749.205461504
-56.3025,-22.4087,-9.11848,-0.240553,0.0831883,2.00595,1598537749.305562368
-56.3689,-22.2525,-9.10461,-0.229534,0.119579,2.01196,1598537749.405644288
-56.3927,-22.0805,-9.12609,-0.217772,0.0896077,2.0035,1598537749.505351680
-56.4601,-22.0278,-9.10273,-0.206754,0.0946634,2.01175,1598537749.605091328
-56.5324,-21.8625,-9.11274,-0.224313,0.0709292,2.02039,1598537749.704975872
-56.5589,-21.757,-9.12885,-0.248314,0.0572378,2.01484,1598537749.804701952
-56.6298,-21.6,-9.13767,-0.242142,0.0822584,2.02841,1598537749.904694784
-56.6769,-21.4615,-9.14158,-0.256261,0.095981,2.01971,1598537750.004520192
-56.7231,-21.3507,-9.23769,-0.248955,0.109023,2.0309,1598537750.104608000
-56.792,-21.2199,-9.22114,-0.239964,0.0914903,2.03124,1598537750.204799488
-56.8469,-21.1253,-9.21925,-0.259976,0.055871,2.0215,1598537750.305135872
-56.9438,-20.9216,-9.30483,-0.268891,0.090939,2.01861,1598537750.405527552
-56.9676,-20.8689,-9.30995,-0.270296,0.111626,2.02868,1598537750.505205504
-57.0353,-20.6596,-9.30716,-0.256647,0.118043,2.0154,1598537750.605445120
-57.0435,-20.6341,-9.3207,-0.228054,0.110488,2.0302,1598537750.705100032
-57.1569,-20.4167,-9.3005,-0.22383,0.110935,2.03553,1598537750.805063424
-57.2194,-20.303,-9.31996,-0.20847,0.136135,2.04873,1598537750.904604672
-57.2694,-20.195,-9.30839,-0.22024,0.177912,2.03593,1598537751.004460032
-57.339,-19.9632,-9.37491,-0.203171,0.215113,2.05737,1598537751.104730368
-57.3636,-19.9534,-9.34555,-0.191706,0.193522,2.06683,1598537751.204473088
-57.4592,-19.7445,-9.39718,-0.207846,0.192782,2.04371,1598537751.305219328
-57.4852,-19.6595,-9.41785,-0.236743,0.175781,2.04318,1598537751.405590272
-57.4796,-19.5289,-9.55405,-0.237982,0.208978,2.03945,1598537751.505859328
-57.5176,-19.4854,-9.55037,-0.209001,0.187028,2.05311,1598537751.605610240
-57.5751,-19.3136,-9.54681,-0.203908,0.169898,2.05519,1598537751.705608448
-57.6188,-19.1747,-9.56026,-0.198668,0.135451,2.06584,1598537751.805339136
-57.6557,-18.9716,-9.55802,-0.191228,0.121677,2.09653,1598537751.904987392
-57.7174,-19.0058,-9.55535,-0.184287,0.115355,2.12445,1598537752.004293888
-57.7934,-18.8431,-9.4982,-0.191058,0.121943,2.12133,1598537752.104568320
-57.8343,-18.7123,-9.51827,-0.226695,0.120982,2.13042,1598537752.204673536
-57.8994,-18.6363,-9.53956,-0.247026,0.0962369,2.12844,1598537752.304774656
-57.9727,-18.4697,-9.56852,-0.268176,0.0728494,2.11162,1598537752.405210880
-58.0294,-18.3495,-9.5444,-0.290765,0.0325355,2.11917,1598537752.505301504
-58.0882,-18.3317,-9.51745,-0.30114,0.0710415,2.11853,1598537752.605009408
-58.1213,-18.1971,-9.56708,-0.293572,0.0881927,2.11017,1598537752.705016064
-58.1556,-18.0359,-9.61486,-0.284056,0.0863108,2.10018,1598537752.805068288
-58.2327,-17.9049,-9.60022,-0.267796,0.104403,2.10305,1598537752.904874752
-58.3153,-17.8264,-9.51707,-0.290835,0.100275,2.11528,1598537753.004518144
-58.3694,-17.6013,-9.68816,-0.299349,0.0935666,2.1351,1598537753.104398080
-58.3442,-17.5489,-9.75287,-0.27666,0.130957,2.14685,1598537753.203761664
-58.5335,-17.376,-9.70274,-0.287841,0.129995,2.14389,1598537753.304111360
-58.4855,-17.3698,-9.70769,-0.246321,0.125203,2.15586,1598537753.403727872
-58.5499,-17.2945,-9.69645,-0.22112,0.0946049,2.15653,1598537753.504002816
-58.5823,-17.3311,-9.66273,-0.242893,0.0731724,2.13879,1598537753.604348416
-58.6919,-17.0496,-9.74483,-0.240624,0.081051,2.12078,1598537753.705270784
-58.7467,-16.9769,-9.7587,-0.238743,0.0968089,2.10388,1598537753.805144576
-58.7887,-16.7481,-9.78458,-0.23657,0.0843968,2.10505,1598537753.905374208
-58.8488,-16.5631,-9.79176,-0.23443,0.057603,2.1199,1598537754.004999424
-58.8878,-16.5094,-9.78638,-0.212694,0.0504742,2.17016,1598537754.104360960
-58.9108,-16.4759,-9.70395,-0.210362,0.0408987,2.16519,1598537754.203973376
-58.9967,-16.3362,-9.71691,-0.232251,0.0612486,2.15428,1598537754.304244992
-59.039,-16.3189,-9.75063,-0.243545,0.0557776,2.15152,1598537754.404184320
-59.0909,-16.2311,-9.79858,-0.238259,0.033254,2.13841,1598537754.504598016
-59.1463,-16.0711,-9.77088,-0.231052,0.0123957,2.12011,1598537754.604978176
-59.2493,-15.9564,-9.7822,-0.235312,0.0324451,2.09883,1598537754.705086208
-59.3609,-15.8437,-9.80313,-0.230136,0.069556,2.08725,1598537754.804963072
-59.4944,-15.7416,-9.80891,-0.23545,0.0850912,2.07297,1598537754.904956928
-59.555,-15.7097,-9.88359,-0.228633,0.101148,2.09314,1598537755.004199168
-59.6273,-15.574,-9.90172,-0.233258,0.083305,2.10294,1598537755.104174592
-59.7168,-15.4844,-9.92323,-0.236877,0.0951239,2.14343,1598537755.203796992
-59.7812,-15.3918,-9.89734,-0.244359,0.0844066,2.12607,1598537755.303909376
-59.9522,-15.2416,-9.92159,-0.225133,0.117054,2.12857,1598537755.404535808
-59.981,-15.1449,-9.9359,-0.196502,0.102878,2.13851,1598537755.504503552
-60.0281,-15.0523,-9.95238,-0.222771,0.0619527,2.11417,1598537755.604962048
-60.1461,-15.0027,-9.99037,-0.246394,0.0396551,2.08435,1598537755.705713408
-60.2116,-14.8681,-9.99052,-0.261381,0.034646,2.07504,1598537755.805762560
-60.2762,-14.7736,-10.0109,-0.270914,0.0761758,2.07016,1598537755.905482752
-60.3312,-14.6465,-10.0292,-0.257359,0.0712411,2.07918,1598537756.005257216
-60.3798,-14.5245,-10.0539,-0.260529,0.0567158,2.07791,1598537756.105015296
-60.4732,-14.3717,-10.0518,-0.253292,0.0672931,2.11634,1598537756.204632320
-60.5282,-14.2694,-10.0552,-0.261232,0.0682473,2.14261,1598537756.303721216
-60.594,-14.125,-10.0541,-0.247135,0.0964496,2.12809,1598537756.404039168
-60.6318,-14.0383,-10.084,-0.243825,0.123207,2.13459,1598537756.503840256
-60.721,-13.9432,-10.142,-0.247524,0.118451,2.14323,1598537756.604002048
-60.8133,-13.8523,-10.1753,-0.26785,0.0958249,2.11359,1598537756.704667392
-60.8673,-13.7982,-10.1639,-0.278693,0.105342,2.10478,1598537756.804820992
-60.934,-13.6302,-10.1385,-0.280967,0.139988,2.09451,1598537756.905171712
-61.0045,-13.5388,-10.1032,-0.268423,0.145513,2.08247,1598537757.005158912
-61.0619,-13.4109,-10.1235,-0.259784,0.121413,2.0772,1598537757.105200640
-61.1125,-13.2786,-10.1291,-0.243171,0.104101,2.08039,1598537757.205030400
-61.1949,-13.1423,-10.1089,-0.236487,0.0975417,2.12042,1598537757.304528640
-61.2375,-13.0316,-10.1049,-0.247668,0.0923575,2.10203,1598537757.404038912
-61.3345,-12.8974,-10.1251,-0.22862,0.134545,2.09554,1598537757.504267264
-61.3736,-12.7846,-10.1043,-0.23031,0.148544,2.08694,1598537757.604119040
-61.3989,-12.6975,-10.1059,-0.231928,0.128406,2.08274,1598537757.704219648
-61.476,-12.5872,-10.1863,-0.235002,0.108151,2.06712,1598537757.804698880
-61.5368,-12.4481,-10.2224,-0.216948,0.116482,2.05775,1598537757.904779520
-61.5982,-12.3478,-10.2114,-0.194624,0.14196,2.05948,1598537758.004641024
-61.6545,-12.2412,-10.1923,-0.183449,0.119902,2.05158,1598537758.104644352
-61.7154,-12.1178,-10.2042,-0.182024,0.104238,2.06491,1598537758.204556032
-61.7667,-11.9883,-10.21,-0.177538,0.0814496,2.07577,1598537758.304475648
-61.8378,-11.8736,-10.2242,-0.182786,0.0652065,2.09797,1598537758.404295680
-61.8962,-11.7646,-10.2343,-0.189588,0.0773284,2.10231,1598537758.504300288
-61.9559,-11.6378,-10.1996,-0.228299,0.112008,2.09855,1598537758.604565760
-62.0362,-11.5267,-10.1923,-0.219547,0.113833,2.13025,1598537758.704458240
-62.1077,-11.4397,-10.1883,-0.235387,0.0909238,2.12408,1598537758.804621056
-62.1891,-11.3914,-10.2025,-0.267765,0.0471459,2.09833,1598537758.905252864
-62.272,-11.2754,-10.2119,-0.262105,0.0800083,2.10219,1598537759.005503744
-62.3104,-11.1387,-10.2343,-0.224973,0.110052,2.10876,1598537759.105248512
-62.3669,-11.0285,-10.2204,-0.205279,0.105961,2.10313,1598537759.205136896
-62.4282,-10.9519,-10.2373,-0.230287,0.0764924,2.10297,1598537759.305008128
-62.488,-10.8416,-10.2911,-0.226628,0.0648986,2.10597,1598537759.405213184
-62.529,-10.738,-10.2783,-0.201331,0.0623559,2.1267,1598537759.504887808
-62.6128,-10.6301,-10.254,-0.232075,0.0886959,2.09585,1598537759.605321984
-62.6964,-10.5199,-10.2647,-0.225791,0.0875132,2.11504,1598537759.705302528
-62.7673,-10.4122,-10.2819,-0.215881,0.0542623,2.09762,1598537759.805376512
-62.8314,-10.3425,-10.2906,-0.212757,0.025275,2.07923,1598537759.905545728
-62.922,-10.202,-10.2716,-0.209758,0.0302542,2.07212,1598537760.005792256
-63.0178,-10.0772,-10.2821,-0.22178,0.0533427,2.04191,1598537760.105979648
-63.0669,-9.97801,-10.2705,-0.20631,0.0496034,2.0737,1598537760.205641728
-63.14,-9.85323,-10.2924,-0.218684,0.0202497,2.06196,1598537760.305656064
-63.2093,-9.71849,-10.3488,-0.211448,0.0135865,2.08199,1598537760.405570048
-63.2662,-9.60673,-10.3486,-0.216165,0.0214676,2.09661,1598537760.505123328
-63.3248,-9.4642,-10.3508,-0.198888,0.0492185,2.08798,1598537760.605338880
-63.428,-9.30967,-10.3342,-0.194448,0.0700033,2.09019,1598537760.705465344
-63.4765,-9.16236,-10.3422,-0.177782,0.0605697,2.0983,1598537760.805481984
-63.5444,-9.05801,-10.366,-0.194506,0.0338968,2.07778,1598537760.905865472
-63.5985,-8.93715,-10.3909,-0.206393,0.0324431,2.05761,1598537761.006350080
-63.6721,-8.79465,-10.4088,-0.227217,0.0651755,2.02689,1598537761.106465024
-63.7379,-8.66014,-10.4252,-0.226716,0.0785372,2.0304,1598537761.206311168
-63.7995,-8.52888,-10.443,-0.218654,0.0673069,2.03603,1598537761.305890816
-63.8773,-8.41334,-10.447,-0.212529,0.0476938,2.05893,1598537761.405629440
-63.9411,-8.33031,-10.4817,-0.204196,0.0466195,2.07703,1598537761.505278720
-63.9522,-8.23227,-10.4429,-0.190358,0.0486057,2.10237,1598537761.604743424
-64.0682,-8.06862,-10.4222,-0.196476,0.0773502,2.08215,1598537761.705271552
-64.1466,-7.98455,-10.4201,-0.18345,0.101998,2.09583,1598537761.805132800
-64.1832,-7.8605,-10.4253,-0.181352,0.0892609,2.09591,1598537761.905126656
-64.2599,-7.73635,-10.4778,-0.200935,0.0782298,2.07218,1598537762.005686784
-64.3261,-7.604,-10.487,-0.202848,0.0948084,2.06596,1598537762.105687296
-64.4121,-7.4708,-10.4814,-0.219672,0.116998,2.02961,1598537762.205973760
-64.4919,-7.34667,-10.4728,-0.219571,0.112947,2.03792,1598537762.305629696
-64.5544,-7.24655,-10.4844,-0.239175,0.0912159,2.02938,1598537762.405386752
-64.623,-7.11463,-10.5182,-0.252928,0.0659687,2.0304,1598537762.505007616
-64.6518,-6.96246,-10.533,-0.249655,0.0734697,2.06151,1598537762.604477696
-64.6909,-6.8684,-10.4953,-0.254587,0.07133,2.05857,1598537762.703959040
-64.8201,-6.69523,-10.5218,-0.289731,0.0891511,2.04779,1598537762.804267776
-64.8787,-6.59535,-10.546,-0.267752,0.0786205,2.08227,1598537762.903903744
-64.9267,-6.4784,-10.5677,-0.261486,0.0692213,2.07792,1598537763.004116224
-65.0064,-6.37241,-10.5921,-0.224445,0.0783543,2.08565,1598537763.104281856
-65.0421,-6.30866,-10.5904,-0.25153,0.0874946,2.04548,1598537763.204468224
-65.1083,-6.16659,-10.6074,-0.269692,0.108742,2.01685,1598537763.305370368
-65.1657,-6.02509,-10.6055,-0.25073,0.0928962,2.02744,1598537763.405418240
-65.2272,-5.9028,-10.6142,-0.265372,0.0562365,2.01519,1598537763.505637120
-65.3136,-5.72917,-10.6663,-0.234769,0.0403271,2.05357,1598537763.605420800
-65.3554,-5.68132,-10.6705,-0.210328,0.0378223,2.07057,1598537763.704695808
-65.4408,-5.52488,-10.6744,-0.212826,0.0651833,2.05359,1598537763.805009664
-65.5062,-5.4234,-10.6765,-0.214677,0.072191,2.05838,1598537763.904934656
-65.5515,-5.3418,-10.6744,-0.21383,0.0503804,2.0457,1598537764.005055744
-65.5987,-5.24898,-10.6915,-0.216762,0.0374978,2.03584,1598537764.105173248
-65.6608,-5.11411,-10.6848,-0.228305,0.0418924,2.02977,1598537764.205350144
-65.7079,-4.96847,-10.7622,-0.215997,0.051488,1.99804,1598537764.305535488
-65.7663,-4.86508,-10.7374,-0.201393,0.0832307,1.98636,1598537764.405438208
-65.8603,-4.73162,-10.7347,-0.204784,0.0758052,1.98134,1598537764.505355008
-65.9247,-4.63709,-10.8029,-0.217959,0.0602933,1.99142,1598537764.604897536
-65.974,-4.52395,-10.8663,-0.220009,0.0596172,2.02239,1598537764.704395008
-66.0428,-4.42921,-10.8482,-0.215311,0.0732486,2.05826,1598537764.803838720
-66.1526,-4.27124,-10.8608,-0.247232,0.112044,2.04148,1598537764.904354048
-66.2241,-4.17948,-10.849,-0.222291,0.0959438,2.07369,1598537765.004247296
-66.2917,-4.08589,-10.7642,-0.227624,0.0601171,2.05738,1598537765.104749056
-66.348,-3.92088,-10.8756,-0.203578,0.0328252,2.06067,1598537765.205485312
-66.3706,-3.88428,-10.7897,-0.203176,0.0138431,2.04952,1598537765.305676288
-66.411,-3.70399,-10.7507,-0.235263,0.0565067,2.02177,1598537765.406486016
-66.4724,-3.60719,-10.7083,-0.24194,0.0671689,2.03189,1598537765.506286848
-66.573,-3.51025,-10.764,-0.263904,0.0606742,2.0205,1598537765.606349056
-66.6576,-3.37609,-10.7582,-0.264884,0.0489661,2.04608,1598537765.705960704
-66.6802,-3.30719,-10.7766,-0.27526,0.0206457,2.07929,1598537765.805197824
-66.757,-3.19378,-10.8898,-0.256721,0.0315625,2.08515,1598537765.905086720
-66.8094,-3.08714,-10.8908,-0.268725,0.0659775,2.07706,1598537766.004727552
-66.8663,-3.0115,-10.8583,-0.257154,0.0560698,2.09947,1598537766.104551168
-66.9337,-2.91165,-10.8788,-0.261144,0.0216674,2.06654,1598537766.205104640
-66.9973,-2.7953,-10.9566,-0.241978,0.0122211,2.04755,1598537766.305519104
-67.0502,-2.70681,-10.9593,-0.231814,0.0346257,2.02862,1598537766.405639936
-67.123,-2.55635,-10.9801,-0.212566,0.0733267,2.02071,1598537766.505760512
-67.1778,-2.42577,-10.9909,-0.22509,0.0765127,1.99275,1598537766.605636608
-67.2463,-2.27876,-11.0653,-0.244751,0.0641879,1.97381,1598537766.705895424
-67.3512,-2.06623,-11.0254,-0.232753,0.0494236,2.01518,1598537766.805418240
-67.3509,-1.96133,-11.038,-0.241832,0.0255789,2.01877,1598537766.904694272
-67.4561,-1.80316,-11.0843,-0.238259,0.0654874,2.00622,1598537767.004941312
-67.5134,-1.63673,-11.0872,-0.226544,0.0756093,2.0204,1598537767.104664832
-67.5622,-1.60554,-10.9526,-0.225834,0.0584792,2.02904,1598537767.204433664
-67.6142,-1.50001,-11.022,-0.229636,0.0286806,2.01085,1598537767.304939520
-67.683,-1.33848,-11.1163,-0.197927,0.0413568,2.01381,1598537767.405450752
-67.697,-1.19164,-11.0847,-0.192343,0.082828,1.99287,1598537767.505453824
-67.7601,-1.11096,-11.0724,-0.187338,0.096088,1.99131,1598537767.605448448
-67.8079,-0.980494,-11.0661,-0.198551,0.0995716,1.98398,1598537767.705617920
-67.8575,-0.836468,-11.0551,-0.201965,0.0928823,1.98472,1598537767.805666816
-67.9131,-0.699407,-11.0733,-0.184134,0.0972309,2.02607,1598537767.905286144
-67.9051,-0.633697,-11.0748,-0.159107,0.0991392,2.03182,1598537768.005005824
-67.9581,-0.522704,-11.0234,-0.189267,0.140931,2.01919,1598537768.105459456
-67.9977,-0.420304,-11.0201,-0.194327,0.141482,2.03308,1598537768.205469440
-68.0439,-0.307138,-11.0103,-0.197439,0.125755,2.04486,1598537768.305603840
-68.0459,-0.247363,-11.0439,-0.188215,0.111937,2.06484,1598537768.405566976
-68.0876,-0.154554,-11.1118,-0.162131,0.133499,2.07643,1598537768.505737472
-68.1309,0.0105214,-11.0631,-0.125235,0.143796,2.05362,1598537768.606190848
-68.1464,0.0516783,-11.0125,-0.11865,0.123049,2.01502,1598537768.706435328
-68.1752,0.191058,-11.0334,-0.11315,0.0902128,1.99417,1598537768.806875648
-68.2113,0.325914,-11.0229,-0.120114,0.0494209,1.96674,1598537768.907036416
-68.222,0.423053,-11.0162,-0.12831,0.0511106,1.94928,1598537769.006738944
-68.2326,0.508179,-10.9866,-0.157951,0.00656927,1.85279,1598537769.106814464
-68.2527,0.695634,-10.9479,-0.147642,-0.00535018,1.79286,1598537769.207287808
-68.264,0.760827,-10.9272,-0.149418,-0.0224911,1.731,1598537769.306685440
-68.3146,0.946334,-11.0098,-0.151577,-0.0625522,1.66309,1598537769.406729984
-68.3246,1.04716,-10.9906,-0.135236,-0.0841166,1.60701,1598537769.506248192
-68.3358,1.15095,-11.0116,-0.137489,-0.106945,1.53056,1598537769.605830400
-68.3482,1.28444,-10.9284,-0.151104,-0.0717568,1.48789,1598537769.705349120
-68.3418,1.39426,-10.9004,-0.162251,-0.0886842,1.43527,1598537769.804710912
-68.3499,1.49935,-10.9447,-0.16563,-0.102899,1.40325,1598537769.904241152
-68.3584,1.63423,-10.9486,-0.173621,-0.113383,1.36856,1598537770.003933696
-68.3557,1.77379,-10.9526,-0.173349,-0.0987351,1.34459,1598537770.103537664
-68.3845,1.79495,-10.9752,-0.18536,-0.0875857,1.29958,1598537770.203289344
-68.3698,1.98083,-10.9946,-0.198073,-0.053173,1.2584,1598537770.303838464
-68.3647,2.04495,-10.9424,-0.194571,-0.0339205,1.24348,1598537770.403646976
-68.3107,2.18021,-10.9933,-0.189712,-0.0434322,1.19026,1598537770.504190720
-68.2693,2.28202,-11.0966,-0.152756,-0.0563249,1.14942,1598537770.604669440
-68.259,2.41765,-11.0831,-0.151871,-0.0342122,1.09873,1598537770.705136128
-68.2389,2.5685,-11.0612,-0.149338,0.00490238,1.06305,1598537770.805310208
-68.2225,2.66484,-11.0209,-0.142977,0.00974413,1.03669,1598537770.905182976
-68.2086,2.77526,-11.0166,-0.14798,-0.0210639,1.00852,1598537771.005088768
-68.2155,2.9925,-11.0601,-0.146693,-0.028043,1.0012,1598537771.104884992
-68.1851,3.1032,-11.0349,-0.130261,-0.0279835,1.01166,1598537771.204063488
-68.1538,3.15556,-11.0377,-0.120184,-0.0433542,0.985889,1598537771.303680256
-68.091,3.2829,-11.0705,-0.133424,-0.0181049,0.972688,1598537771.403786240
-68.0765,3.46709,-11.0484,-0.122681,-0.0258811,0.963211,1598537771.503891968
-68.0726,3.48902,-11.023,-0.125951,-0.0625533,0.9442,1598537771.603808000
-67.9689,3.73634,-11.0915,-0.123857,-0.0551502,0.954517,1598537771.704157952
-67.9428,3.76208,-11.0264,-0.149104,-0.0414085,0.976503,1598537771.803820032
-67.7849,3.99134,-11.2199,-0.158838,-0.0422839,0.959606,1598537771.904523264
-67.7717,3.9367,-11.0891,-0.144886,-0.0633192,0.932492,1598537772.004782336
-67.7149,4.12191,-11.1179,-0.149511,-0.113154,0.894324,1598537772.105999616
-67.6617,4.23628,-11.0888,-0.128535,-0.147824,0.889687,1598537772.206109696
-67.5982,4.38305,-11.1112,-0.11982,-0.178482,0.88414,1598537772.305934592
-67.5407,4.45743,-11.1143,-0.102729,-0.178205,0.861505,1598537772.405732352
-67.5087,4.57352,-11.0113,-0.0973515,-0.164396,0.850141,1598537772.505629696
-67.4516,4.70005,-10.9816,-0.111729,-0.180302,0.83079,1598537772.605495296
-67.3722,4.81662,-11.0095,-0.114005,-0.194163,0.815334,1598537772.705272320
-67.2969,4.94775,-10.9712,-0.105412,-0.206373,0.799632,1598537772.805130240
-67.2595,5.02254,-10.9631,-0.105844,-0.244705,0.783487,1598537772.904907008
-67.1343,5.19737,-10.9708,-0.106146,-0.224851,0.774102,1598537773.004827648
-67.0701,5.30921,-10.923,-0.0791059,-0.219785,0.779646,1598537773.104404480
-66.9684,5.46602,-10.9143,-0.0722245,-0.235153,0.7841,1598537773.204258304
-66.8711,5.61483,-10.8667,-0.077525,-0.230149,0.803804,1598537773.303964672
-66.7737,5.7627,-10.8953,-0.100606,-0.223423,0.846276,1598537773.403585792
-66.7095,5.86341,-10.8004,-0.0689938,-0.203117,0.857297,1598537773.503402496
-66.6353,5.97071,-10.7805,-0.0845965,-0.182522,0.869166,1598537773.603653888
-66.5825,6.04708,-10.632,-0.0512957,-0.1918,0.893719,1598537773.704227840
-66.5048,6.15343,-10.6504,-0.0428073,-0.189141,0.888213,1598537773.804555776
-66.4427,6.20889,-10.6222,-0.0146628,-0.19318,0.869544,1598537773.904990464
-66.3797,6.32193,-10.5323,-0.0242367,-0.184696,0.853157,1598537774.005445888
-66.2956,6.46243,-10.5255,-0.0406961,-0.151057,0.866432,1598537774.105637376
-66.21,6.58824,-10.518,-0.0446642,-0.167073,0.868353,1598537774.205216256
-66.1107,6.73798,-10.5372,-0.0690722,-0.173324,0.858062,1598537774.304984832
-65.9893,6.8899,-10.5145,-0.0765379,-0.176566,0.875638,1598537774.404984576
-65.9406,6.97124,-10.4705,-0.0868933,-0.174258,0.928471,1598537774.504226560
-65.8374,7.1054,-10.3753,-0.0744705,-0.150819,0.914377,1598537774.604196608
-65.768,7.22492,-10.4032,-0.0763849,-0.130012,0.926362,1598537774.704177664
-65.6703,7.36322,-10.3933,-0.0759518,-0.128519,0.920241,1598537774.804352000
-65.5695,7.48781,-10.3576,-0.0643698,-0.139296,0.902775,1598537774.904924160
-65.4838,7.61823,-10.2981,-0.0583262,-0.180135,0.894706,1598537775.005186304
-65.4033,7.72388,-10.2372,-0.0870759,-0.166484,0.857611,1598537775.105778688
-65.3063,7.84039,-10.22,-0.0784378,-0.161595,0.85485,1598537775.206173696
-65.2117,7.95233,-10.1868,-0.0712086,-0.175557,0.847092,1598537775.305950208
-65.1171,8.05918,-10.1795,-0.0717862,-0.20999,0.824592,1598537775.406007808
-65.0059,8.17246,-10.1143,-0.0459278,-0.23708,0.825684,1598537775.505826816
-64.9272,8.27072,-10.0299,-0.0168865,-0.237868,0.820482,1598537775.605402624
-64.8279,8.38004,-9.99057,-0.0106239,-0.224877,0.802209,1598537775.705271040
-64.7175,8.502,-9.98354,-0.020057,-0.234764,0.807354,1598537775.805245952
-64.6582,8.58314,-9.88334,-0.0279219,-0.268469,0.781274,1598537775.905074688
-64.5722,8.6913,-9.84958,-0.0217617,-0.279884,0.733479,1598537776.005509888
-64.4679,8.79168,-9.76322,-0.0496673,-0.266724,0.707169,1598537776.105860352
-64.3223,8.932,-9.75149,-0.0762219,-0.251709,0.691566,1598537776.206049280
-64.2483,9.04529,-9.74991,-0.0832747,-0.240767,0.704054,1598537776.305308928
-64.1593,9.14852,-9.72454,-0.0869621,-0.245229,0.702793,1598537776.405190912
-64.0443,9.2434,-9.64768,-0.0816003,-0.261872,0.705693,1598537776.505212928
-63.9687,9.30727,-9.55424,-0.0762969,-0.271543,0.748567,1598537776.604815616
-63.8809,9.41277,-9.515,-0.0731646,-0.25763,0.778017,1598537776.704347136
-63.725,9.53656,-9.53462,-0.085798,-0.234836,0.775664,1598537776.804726528
-63.6179,9.66436,-9.5477,-0.0858236,-0.259402,0.780378,1598537776.904786176
-63.5189,9.76413,-9.4985,-0.0567284,-0.286873,0.744488,1598537777.005311488
-63.4529,9.83098,-9.45038,-0.0120925,-0.316404,0.747777,1598537777.105866496
-63.4329,9.87442,-9.28692,-0.0054157,-0.328741,0.707515,1598537777.206132480
-63.2735,10.0047,-9.19542,-0.00244227,-0.288713,0.698437,1598537777.306776832
-63.2036,10.0878,-9.21785,0.00552142,-0.296081,0.685566,1598537777.406070528
-63.1138,10.1891,-9.20234,0.0310445,-0.301533,0.673468,1598537777.505985792
-63.0102,10.2856,-9.17181,0.038108,-0.300316,0.678392,1598537777.605818368
-62.9334,10.3583,-9.07257,0.0328248,-0.282891,0.722138,1598537777.705126912
-62.8396,10.4588,-9.00262,0.0444453,-0.251369,0.714445,1598537777.804604928
-62.7447,10.5826,-8.98935,0.0262794,-0.230028,0.725724,1598537777.904838400
-62.6403,10.7201,-8.9833,0.0203772,-0.251458,0.721393,1598537778.005110528
-62.5479,10.8202,-8.9276,0.0378428,-0.262358,0.714393,1598537778.105618176
-62.425,10.9889,-9.00225,0.019676,-0.263758,0.679932,1598537778.206051072
-62.3227,11.0904,-8.93551,0.0149261,-0.254925,0.666213,1598537778.306892544
-62.2392,11.191,-8.92524,0.0200596,-0.23542,0.677568,1598537778.407056640
-62.1292,11.2908,-8.89213,0.0296527,-0.262684,0.666284,1598537778.507130880
-62.0145,11.3912,-8.89075,0.0520639,-0.288568,0.664886,1598537778.607183104
-61.93,11.4797,-8.81359,0.0603699,-0.292115,0.67952,1598537778.706755584
-61.8501,11.5609,-8.8361,0.0114007,-0.286333,0.703267,1598537778.806191360
-61.766,11.6389,-8.75773,-0.014575,-0.245305,0.705568,1598537778.905662976
-61.6862,11.716,-8.75386,-0.0408735,-0.218909,0.746791,1598537779.005171968
-61.5952,11.824,-8.71443,-0.0573532,-0.211543,0.772909,1598537779.104646144
-61.5247,11.886,-8.67959,-0.054257,-0.209425,0.765959,1598537779.204640000
-61.4648,11.9715,-8.60274,-0.0558206,-0.21307,0.745248,1598537779.305138176
-61.3836,12.0412,-8.54398,-0.0831546,-0.193912,0.722232,1598537779.406002944
-61.2864,12.122,-8.521,-0.0672572,-0.18095,0.742788,1598537779.506414592
-61.1954,12.19,-8.48751,-0.0578155,-0.203361,0.731559,1598537779.606367232
-61.101,12.2543,-8.44858,-0.0529572,-0.216479,0.739036,1598537779.706711296
-61.0041,12.3276,-8.41024,-0.0466174,-0.211624,0.781243,1598537779.806333184
-60.9087,12.4118,-8.38293,-0.0575821,-0.206547,0.798274,1598537779.905633280
-60.8265,12.4863,-8.32332,-0.0404941,-0.188863,0.793093,1598537780.005582848
-60.7582,12.5798,-8.28996,-0.0421926,-0.17932,0.809787,1598537780.105562112
-60.6572,12.684,-8.27447,-0.0425396,-0.191903,0.796168,1598537780.205475840
-60.5838,12.7763,-8.2398,-0.0218065,-0.207663,0.786472,1598537780.305751808
-60.5157,12.8511,-8.19628,-0.0362956,-0.177276,0.761098,1598537780.405933056
-60.433,12.935,-8.14051,-0.0588469,-0.160028,0.740316,1598537780.506120960
-60.3514,13.0365,-8.12135,-0.0594168,-0.164942,0.736009,1598537780.605868288
-60.2732,13.1152,-8.0897,-0.0435227,-0.196149,0.72755,1598537780.705901568
-60.1954,13.1898,-8.0637,-0.0200165,-0.211656,0.74404,1598537780.805660416
-60.0982,13.2802,-8.01018,-0.0305295,-0.234121,0.765166,1598537780.905404928
-60.0371,13.3703,-7.94122,-0.0520475,-0.227176,0.761242,1598537781.005075712
-59.9672,13.4647,-7.88955,-0.0529165,-0.208313,0.771527,1598537781.105307392
-59.9015,13.5696,-7.83071,-0.0656651,-0.227594,0.773933,1598537781.205114880
-59.8276,13.6688,-7.79598,-0.0595069,-0.258828,0.777128,1598537781.305521408
-59.8285,13.7468,-7.78133,-0.042711,-0.272236,0.75701,1598537781.405504256
-59.7654,13.8225,-7.67319,-0.0494425,-0.275177,0.715674,1598537781.506411008
-59.6818,13.8839,-7.5996,-0.039991,-0.253828,0.709174,1598537781.606811904
-59.5998,13.9952,-7.56339,-0.0246067,-0.248823,0.687213,1598537781.706073088
-59.5103,14.0795,-7.55666,-0.00866071,-0.291437,0.657039,1598537781.806098688
-59.4426,14.1474,-7.53187,0.0124839,-0.316383,0.672444,1598537781.905849344
-59.3525,14.2509,-7.49862,-0.00135114,-0.32386,0.670534,1598537782.005111296
-59.2578,14.3442,-7.44734,-0.00949518,-0.318065,0.689118,1598537782.104677120
-59.1978,14.4086,-7.42083,-0.0387395,-0.2932,0.703107,1598537782.203933696
-59.1519,14.4818,-7.36927,-0.0593974,-0.30551,0.745186,1598537782.303776000
-59.0721,14.6027,-7.33331,-0.0773506,-0.321395,0.736883,1598537782.403616768
-59.0211,14.7126,-7.27354,-0.069885,-0.330895,0.725045,1598537782.504351488
-58.9367,14.8138,-7.26222,-0.0819442,-0.315832,0.73312,1598537782.605117696
-58.8696,14.9055,-7.22846,-0.0771787,-0.271985,0.737577,1598537782.705334784
-58.8102,14.9949,-7.17544,-0.0478636,-0.265051,0.74363,1598537782.805580288
-58.7151,15.1078,-7.15832,-0.036019,-0.270112,0.737853,1598537782.905923584
-58.6283,15.1997,-7.14303,-0.0361455,-0.267293,0.76694,1598537783.006297600
-58.5374,15.3088,-7.16019,-0.0438278,-0.24206,0.80705,1598537783.106082560
-58.544,15.4014,-7.12943,-0.0427323,-0.249484,0.797592,1598537783.205560832
-58.4273,15.5196,-7.10995,-0.035069,-0.208909,0.826228,1598537783.306154240
-58.3886,15.6206,-7.07297,-0.0549598,-0.23348,0.824178,1598537783.405667072
-58.3394,15.7223,-7.06288,-0.0700806,-0.259156,0.817231,1598537783.505742336
-58.2924,15.8294,-7.01234,-0.0850257,-0.251655,0.798649,1598537783.605858304
-58.2452,15.9251,-6.94884,-0.10308,-0.247251,0.808723,1598537783.706052608
-58.1693,16.0247,-6.88834,-0.085502,-0.229147,0.802752,1598537783.805742080
-58.1033,16.1282,-6.8278,-0.0614979,-0.233607,0.793253,1598537783.905501952
-58.0494,16.2081,-6.80194,-0.0420383,-0.259464,0.786286,1598537784.005579776
-57.9533,16.3042,-6.81353,-0.0498015,-0.27202,0.803523,1598537784.105655296
-57.8736,16.4017,-6.74802,-0.0824201,-0.29998,0.819017,1598537784.205309952
-57.8355,16.4879,-6.6638,-0.0729687,-0.312905,0.813695,1598537784.305315840
-57.7787,16.5735,-6.64887,-0.0801379,-0.301284,0.817713,1598537784.405661440
-57.7222,16.6705,-6.60972,-0.0840304,-0.299835,0.830308,1598537784.505702656
-57.6505,16.7661,-6.58125,-0.0930249,-0.310545,0.815,1598537784.605871104
-57.552,16.8773,-6.56903,-0.0999796,-0.31707,0.789828,1598537784.706246144
-57.515,16.9745,-6.49905,-0.13009,-0.319841,0.768721,1598537784.806565632
-57.3756,17.0713,-6.40703,-0.129915,-0.28352,0.769728,1598537784.906757376
-57.2971,17.1682,-6.39144,-0.121098,-0.293256,0.757582,1598537785.006123264
-57.2293,17.2487,-6.34702,-0.0920517,-0.289909,0.784445,1598537785.106022400
-57.1544,17.3542,-6.38926,-0.105117,-0.305987,0.790145,1598537785.205513984
